t_center,rms_ch1,rms_ch2,rms_ch3,rms_ch4,rms_ch5,rms_ch6,rms_ch7,rms_ch8,var_ch1,var_ch2,var_ch3,var_ch4,var_ch5,var_ch6,var_ch7,var_ch8,label,pred,prob
20.124,6.862364906281805,9.413926513001018,8.940404391304007,7.233846595680639,7.369716531332899,7.439546326901718,1.2402939367734928e-18,0.0,46.81447955767519,41.48518121873029,67.06374174755025,46.50054076066047,47.45670923229648,52.2642165295811,1.7296576318138664e-38,0.0,0.0,0.0,0.18038157157184584
20.248,8.79573070900311,7.772716605199353,8.892805772422792,11.130023159549653,6.165981432042741,9.908783655071575,9.577133665564569e-19,0.0,64.83563441079005,60.091038362612885,46.206128764368074,111.60700810229115,37.72489853198394,87.20780006234375,1.3543312757473048e-37,0.0,0.0,0.0,0.2500091506157355
20.372,10.540020185464778,7.3824887357195115,6.213047381732461,10.483079489866746,5.642461566188361,10.028363457922756,4.463876159214375e-19,0.0,107.37787522790967,42.55833733246622,34.164968054200386,86.33483199904697,31.004557898655776,73.17181430398448,1.4693822729195659e-37,0.0,0.0,0.0,0.25594786742780123
20.496,8.682845958368711,7.48087516446648,5.7157858064535665,7.266759056610083,4.139698298184192,6.88539423681889,3.509594224839707e-19,0.0,75.32535985934264,55.05650510036313,30.80882691938225,49.20156851327731,16.081057115806924,46.96936957874303,4.43700729968121e-38,0.0,0.0,0.0,0.19191668641831536
20.62,6.395989067943609,7.525465571629235,9.761766900479106,8.398991998896035,5.811771196669399,7.99632589108598,4.64228701517239e-19,0.0,37.750472508001245,56.452232446496964,69.57171534345603,48.74584786483842,33.77656779018609,51.22362191557411,1.612627750297564e-39,0.0,0.0,0.0,0.19542966103232665
20.744,7.918755772291532,9.719228983736633,10.440688594757859,9.260396839612934,6.837528284539874,8.859410674115706,4.0683757006788103e-19,0.0,36.41293700787206,29.299652936157234,66.48376594039827,84.37408122794477,36.06616882953975,73.33188788105019,6.407023594474398e-39,0.0,0.0,0.0,0.21254450658185817
20.868,6.988203439621812,9.847377455034286,7.460870620748304,8.728022325820211,7.180043652448706,7.069146788015503,2.6372593812973286e-19,0.0,46.08928295978183,38.84828539940353,52.90452401815772,73.66179360521863,50.77922052321973,48.140277856736645,9.248801223124656e-39,0.0,0.0,0.0,0.1940809114207151
20.992,5.496678716119213,10.970379331260183,6.547953414286429,8.012158118705203,7.097015559334773,5.1902169357517165,1.236388389028731e-19,0.0,25.70102039445654,102.06309585795495,33.69419753439976,64.12923052941355,32.7044982800305,26.441863467832878,8.616904404574795e-39,0.0,0.0,0.0,0.1495118623386997
21.116,5.866371803725036,10.038177171785625,7.020698900820627,7.409829465640015,6.207511929177031,4.354522649514408,1.0108544557310973e-19,0.0,24.710607220137224,52.75579208401447,30.085263046402908,53.815259682434295,25.2740427188693,18.79995305760872,5.907345788385123e-39,0.0,0.0,0.0,0.16282072760532668
21.24,6.064845306600297,7.237267468431729,10.120380530763565,8.389233211862246,8.630074909235006,9.069130872002074,1.5939187181099545e-19,0.0,31.465588199554986,40.42751410631383,58.116261099834865,45.57716400076375,64.63975901124483,63.678910281280324,1.0307181261112515e-39,0.0,0.0,0.0,0.19991233217124912
21.364,6.447296678515217,7.958147579497256,10.457078354746354,8.77944800715759,8.842663336655175,10.242395019769127,1.555730365527287e-19,0.0,34.749434096196836,46.92061328292811,100.98979746811955,70.42759915057913,54.06389307240695,89.53360048265944,1.1391293201529383e-39,0.0,0.0,0.0,0.19488134174083244
21.488,6.118088824655393,6.884561999873827,10.072693873102864,10.396754550528527,6.562568687023092,7.763472780046535,9.329506560025477e-20,0.0,31.986472743318867,26.32868893462325,70.02926777664293,69.51089851549806,42.67447127875696,57.144666128548714,3.4006972957889516e-39,0.0,0.0,0.0,0.23264879501172028
21.612,5.077202768026827,5.801504190713831,10.668816805178555,12.762784810157074,6.396430323169508,8.35580616920653,5.206348747735467e-20,0.0,25.626208824557185,22.47839932598992,50.564601865711104,29.28952712507207,28.6364057989851,42.56492739794138,2.316007358765853e-39,0.0,0.0,0.0,0.2589669069843761
21.736,9.871382518304259,9.980019159088462,9.638325683356545,13.564041291851797,7.229697733988821,8.18610208760391,8.066461093002778e-20,0.0,75.98722303718391,70.8251762322436,53.394470640018355,160.0388512006775,48.85288694552946,63.943108676276836,4.514306032034697e-40,0.0,0.0,0.0,0.288150101883044
21.86,10.312114751803668,20.499645813643944,10.112415979937019,13.121809691423275,7.0802889761911825,7.863828663563896,8.334366635764726e-20,0.0,95.5546505679705,99.11807742939943,72.90487577693942,155.48816673531596,50.12957431940634,60.711041264657695,2.571566167676037e-40,0.0,0.0,0.0,0.230834188391288
21.984,12.397563825704996,27.845725562812202,28.349281570745394,26.18975436218748,7.799174970892864,10.521105447271594,5.2184778137855096e-20,0.0,113.61651760995898,55.94918069848877,602.4116273044647,287.7329547281886,54.55227614583871,108.2641008268423,9.877669628011019e-40,0.0,0.0,0.0,0.463544837300126
22.108,17.181681497784655,30.117368387193437,51.37510123083756,40.75754828840017,15.766248618862809,15.158369738907192,2.3704972381340234e-20,0.0,278.931020416915,898.3716963695347,1231.7074334608762,859.7174220564585,186.64059973169734,135.72956814212782,5.320020663416093e-40,0.0,0.0,1.0,0.5819529802423585
22.232,67.04823980146267,78.1301848008671,152.6714636861442,116.17842792436073,48.27532787536739,48.38379616105337,3.41002655003442e-20,0.0,3282.6287000594566,3308.458028035457,23170.796422272368,13103.908834228649,2324.6747206792793,2340.7616810346376,8.847874645426403e-41,0.0,0.0,1.0,0.8140102346975261
22.356,76.40170753504297,81.81825502201781,176.51967675739886,136.43893646988408,55.91174481382425,56.46522707654428,4.0761814865964075e-20,0.0,5358.937359476446,5167.4415619247875,29473.940391733213,17240.98797032028,3085.979793233294,3163.515510535761,3.5358693980160114e-41,0.0,1.0,1.0,0.9688182551675864
22.48,50.451747915471145,50.416278260085036,102.04071539867995,81.18073481159952,34.96372284076629,35.374205172980204,3.02983466790624e-20,0.0,1535.0947284840445,1676.413456656125,10315.794152163284,6533.209211003576,1207.2241390043432,1196.915619191983,5.572704363577727e-40,0.0,1.0,1.0,0.946060060849809
22.604,34.3516305501669,42.47473919395588,30.051122829394025,25.527336028527337,16.25213369113397,17.040304491054936,1.334239473738674e-20,0.0,445.1224735765518,452.61184440007537,851.9824049415777,587.1957190663285,243.8774170210337,261.94031991052975,1.5246436496747783e-40,0.0,1.0,1.0,0.5400458171426572
22.728,12.73799966499665,18.588516299210088,26.341620560936303,24.119514494312746,12.674532066695017,13.90589220361409,3.5400145554224846e-20,0.0,142.19459404973512,307.02065153860497,216.79807365801776,62.250613294616294,101.81923872928351,99.64790657269039,8.9667624318731e-40,0.0,0.0,0.0,0.4291412636364625
22.852,10.246474007956152,10.679259529778921,24.51758406072886,20.775042624567877,12.509892970226767,14.555329363540794,5.219215944018059e-20,0.0,79.42487123456804,28.77728736639708,220.84128579030713,214.1548368416009,87.12527187578519,151.62401709272413,2.013974500073184e-40,0.0,0.0,0.0,0.4944223937394377
22.976,20.401235217384453,11.859626665527275,19.192567783858472,12.808777240835102,7.847795381892579,8.888985388378675,4.476733090226039e-20,0.0,125.68464052799204,22.661228594645515,357.2555262898455,150.88925282718154,61.19685311665418,78.54706910481283,1.608759532907434e-39,0.0,0.0,0.0,0.36711019816893997
23.1,23.00421890796219,9.016787651688773,24.475767407878614,15.302658912112024,8.960546003266838,12.000748933268927,6.880831366099291e-20,0.0,126.36208334795937,67.02784650928729,135.34248262490863,66.42685137083713,49.3610274694944,90.15013488099052,1.9201434501755047e-39,0.0,0.0,0.0,0.4872791654111892
23.224,17.337982034924607,5.775590378944692,19.977519796674684,12.57680090833027,8.757312561184687,11.961821468939645,1.0220867546973364e-19,0.0,300.4596576449299,20.6429440381679,278.6920726438766,92.73328992687713,62.32131201407923,120.45222584999563,2.6934548675193505e-40,0.0,0.0,1.0,0.5043575686547972
23.348,13.641001225024969,4.677875782080166,7.337834140534858,6.1453997064155,5.652480855494212,6.760571937709799,8.570991579306069e-20,0.0,25.225117012072626,7.964671100144187,37.293075127875056,37.21534781497713,31.834844210361656,35.225923215247484,2.000740197238235e-39,0.0,0.0,0.0,0.2062103551157311
23.472,15.926603918586244,5.693123686267785,9.943024800315474,8.456419733600951,5.911500486350565,7.6677988673321105,6.255436486107518e-20,0.0,66.61072344898452,21.232668778089348,41.16072193884268,45.75675650777595,28.75531720260782,42.18923359493318,3.6110754683506824e-39,0.0,0.0,0.0,0.2656240258693292
23.596,14.481822650251853,7.332026389378948,10.582296610223302,9.0117502914974,6.564888863465661,7.979318318912155,8.418847805203501e-20,0.0,112.77337091725354,50.29291264281882,69.5566224630553,74.02476930222494,39.288555559936384,61.40140359030825,3.952612281514182e-40,0.0,0.0,0.0,0.27625906979675463
23.72,13.540618261479175,8.417803782577943,7.467810702946448,7.112829299780376,5.915170249803861,6.695128539627084,7.945964262558993e-20,0.0,143.51365436252053,22.914011085051836,51.50324989968714,50.556760463448946,34.754267053172505,44.82365104843687,3.3247445569041412e-40,0.0,0.0,0.0,0.24831062738417445
23.844,18.711139745890748,15.007231937517998,9.41255312711777,11.007299359277095,7.52943620702174,9.12256943568865,4.671839049787325e-20,0.0,118.16090315870082,131.29606978500175,84.28500970839389,114.3265912534006,56.56125109968475,80.79744120376316,6.950652563363846e-40,0.0,0.0,0.0,0.2509657558191759
23.968,16.40862777593829,26.052542251659858,9.517326418062789,12.091757551396293,9.191877201110449,11.96223338373123,2.8246267481465676e-20,0.0,264.66707854809516,648.4286463999239,77.87572770349342,128.44713244694913,73.10911057170419,132.74451709908777,7.328788608674285e-40,0.0,0.0,0.0,0.12989973984950268
24.092,10.555558093858284,23.719436575916834,6.245274189903404,7.409371615144181,7.023251515304087,9.359192187318214,4.0438966320041887e-20,0.0,108.58861367051742,510.72285557000697,38.19328325440068,54.338134993968914,44.369416674164,87.46725280449671,1.0790189698997791e-40,0.0,0.0,0.0,0.07259279541731416
24.216,11.429341814571588,12.839061280942051,7.5422515935726135,7.359700867714909,6.728484969371079,7.809476636786509,4.6612288356134415e-20,0.0,101.9160017820232,160.84690364483674,48.508626495796406,33.863998616758636,32.6202793245018,60.74893889617879,1.4530320448797184e-43,0.0,0.0,0.0,0.1639061307813572
24.34,18.478648181909968,15.773386047092307,9.140087059019724,10.608309026755089,8.535754283166352,11.262256204689255,4.2691484414825753e-20,0.0,266.9671920378312,161.18346599417387,83.29230040588037,60.923614851011386,65.25760024611341,123.2546530793073,4.092471193937005e-41,0.0,0.0,0.0,0.29548422290214554
24.464,31.075136631424932,26.42510174905396,11.652273644222605,10.094305794761974,8.04498729906993,11.58273622171211,2.840568323013457e-20,0.0,719.2522732164648,494.91997339432595,86.57821978237268,85.96902845896474,61.23606750977657,98.21243571007396,3.4398389978834505e-40,0.0,0.0,0.0,0.41929665631644825
24.588,32.76729622370627,33.80864476814635,14.44196518200246,15.732622315372282,8.87151782072726,11.253640144825427,3.155004760030676e-20,0.0,1018.4018670063232,1055.5200710112015,204.00747448158674,147.76705536611192,75.10409345262961,125.90632642838231,6.950157026376003e-40,0.0,0.0,0.0,0.42771638177104654
24.712,21.524773611991463,29.170727566781828,15.023117699577055,18.740800729128264,9.042616888614466,12.207572543996136,6.06718730099649e-20,0.0,121.63604694198719,76.51194305220632,34.71021457619546,21.380584419980657,19.425878229604756,56.80225551305032,4.053836085310145e-40,0.0,0.0,0.0,0.3235184341491016
24.836,13.650102915314031,16.98675297829981,11.685635909352348,13.8892695814837,7.354061981585751,11.884644201891485,6.129019630451892e-20,0.0,185.24553092325039,145.2906494292798,103.4657828856695,161.20569795297618,47.05357944089523,116.84500731464625,5.381707915805808e-40,0.0,0.0,0.0,0.2987924601763637
24.96,21.367105083508605,22.9509452130103,18.014000782825306,17.94104428581991,7.502054473385829,12.392087273795669,4.1982607193734274e-20,0.0,127.65751861889814,320.1174601513822,158.01611720960557,141.72494727808444,36.82899632421153,113.09702873292699,1.757716959599523e-39,0.0,0.0,0.0,0.2887266847912281
25.084,22.777158948970598,32.896438533968634,31.690415989647647,28.08289541751591,10.58715507746071,13.073495069934966,5.466631699536696e-20,0.0,71.54281248708858,31.898295504827527,95.4840002036609,72.41707806120512,25.567873257909465,37.946748254171716,4.262222200051443e-40,0.0,0.0,1.0,0.5722187271970888
25.208,28.82495416271075,45.11662925239961,72.40699665788235,51.259237302980665,21.604664368435543,14.588049905542448,5.469004658285976e-20,0.0,829.2442419213786,1785.7394855014197,4582.336949722147,1931.7905103324576,349.5330857651042,117.31377067745146,3.5867248345448998e-40,0.0,0.0,0.0,0.25012872026003613
25.332,68.73192882350465,81.56839067637036,125.77064452407937,92.18403393266128,51.12304514431582,40.437032202640765,3.444679116718467e-20,0.0,2720.38953812404,5021.572444227512,14479.686519660372,7673.214364460419,2524.4771829659417,1444.2501261689001,1.1475975361835502e-39,0.0,1.0,1.0,0.5142566044762511
25.456,67.16021143960144,75.69990845773445,117.43280965789074,83.73895791707143,51.28457889800994,48.51476581312754,5.1372197400863513e-20,0.0,3944.683715985423,5112.636183589249,11360.70152333978,5059.917750595958,2447.97977599558,2167.50553330695,6.172510995399782e-40,0.0,1.0,1.0,0.9854315859411337
25.58,36.50099858983527,25.79701538392781,57.693526214260615,34.25127523963212,23.073448444069744,31.549040714358238,6.083466008843222e-20,0.0,334.7171326920785,183.38406159404337,3328.4798051161947,1167.5717193863186,531.341762740345,994.5973824285386,2.619107214658651e-40,0.0,1.0,1.0,0.7422640149841753
25.704,31.156787561902075,15.907275779609153,34.650468883608745,28.20560578036085,12.55935897699554,13.99181239642247,5.0759055339783815e-20,0.0,306.2847785532757,63.604777539692655,984.9922825511044,675.6433734982153,153.16231181167583,192.06301905299907,2.533206245484309e-39,0.0,1.0,1.0,0.7846902001238282
25.828,11.657984180831313,11.852556001847972,33.67051733733103,29.171844841098803,13.917637206307543,16.04756092076131,7.740226150115928e-20,0.0,64.06450294571624,99.02247952927716,346.4998463353705,194.5339102400594,122.36521746990978,129.76686592289064,1.333242725055294e-39,0.0,1.0,1.0,0.644610921328211
25.952,13.436879581397813,9.49145877383769,28.93593514719624,26.217796163274414,13.57711843354859,16.275902012901852,8.663988423626842e-20,0.0,155.14919925398553,70.44783976968745,500.70115035712263,460.0389548346161,109.03697597474749,190.05787950886995,4.551441706938046e-40,0.0,0.0,1.0,0.6441467740103016
26.076,17.36491189390155,12.432322881533471,10.822817974560111,10.850221046887901,5.993170601513854,9.143693543061003,5.532323030371202e-20,0.0,96.45678061264618,32.932550253461656,103.47837767277642,92.98918102315018,34.94670270905892,81.49827238031895,2.365791895252429e-39,0.0,0.0,0.0,0.28217279407323304
26.2,12.674944544290316,10.954108436619386,14.291627748022236,13.972956127488484,6.1998262381594795,7.942103561081333,5.978097747027666e-20,0.0,101.2075897911416,48.416844417437105,75.18011441626953,78.32872308222487,28.78203453393265,53.1028221157049,1.3211941270432048e-39,0.0,0.0,0.0,0.33963201757543066
26.324,5.798309763012329,19.00059642211744,17.0024282227756,14.619577068754477,8.279177428912583,8.347668590798701,8.635323215007964e-20,0.0,31.37491933118986,277.541017721675,74.70812346255858,46.02439456385308,33.09876297690519,38.42953853422791,1.2956247418791716e-40,0.0,0.0,0.0,0.17797575379447353
26.448,8.251429907065457,19.924332137971497,13.044608721888766,11.353671531839455,9.03731909441926,7.572286814723636,7.562289882792036e-20,0.0,66.74914928498946,274.742456595492,104.21667472977975,128.22048937597202,79.37346848843728,50.40307170733698,6.465045844139326e-40,0.0,0.0,0.0,0.15865035329579913
26.572,8.92698537431923,9.838679040258443,12.003997847656562,10.535813931709816,8.769522647157249,10.342576773961964,4.262419837711758e-20,0.0,78.34848239946993,87.92068993408319,140.5897899812154,89.57327138775221,62.10151930412367,106.59319436265403,1.5983431023334107e-39,0.0,0.0,0.0,0.23065542292026525
26.696,8.561771612648283,15.193543343034582,12.544161928159264,9.166689815850368,7.653773551274498,11.466794474609415,5.802960946516425e-20,0.0,72.41929785426822,192.38332582893517,142.9110100192077,80.26977510601236,57.736519122946,127.42731029539448,1.0503251340008059e-39,0.0,0.0,0.0,0.16446787903270768
26.82,7.645667612014625,14.388441177399736,13.629766798626758,8.032422095179466,5.2632657442734905,8.29960576206493,7.456822950614799e-20,0.0,48.70743844770779,143.08610657568596,65.3493131681344,49.18855517046289,27.262343868835845,52.25405842378917,9.657537620787863e-41,0.0,0.0,0.0,0.16887193944566595
26.944,5.075857063179033,5.119190810947956,11.686057399979386,6.3730234473581895,3.821106918055587,6.144637493506141,5.530308573037397e-20,0.0,15.594470568533113,26.122202346174944,52.716409175199715,37.723824420786784,14.574774921382199,36.98966755195579,6.958473746660489e-40,0.0,0.0,0.0,0.1940013862144173
27.068,4.2241394352122175,6.575077856280973,5.824215605834265,6.079163672075689,4.624613377523555,6.160105758383057,3.321881529097753e-20,0.0,14.151570016477448,29.498432026058115,33.918638328861306,36.93091733158609,18.561960228112195,36.950509026512705,1.0932401797223708e-39,0.0,0.0,0.0,0.1541281136704473
27.192,5.642156721111543,6.623082656195517,7.661517528103989,6.669783056794279,5.751003075526744,8.273596863135687,6.02862276538276e-20,0.0,31.372919229675194,35.605989926839136,25.685113050485775,42.85506491633627,31.75007511626531,68.42861041980346,6.726744921978385e-40,0.0,0.0,0.0,0.1772643168453221
27.316,6.4786553609825726,7.777463084907764,8.024669769854286,6.822122013582613,6.509391363469576,8.502596092123353,7.167979157073917e-20,0.0,37.35388464515651,51.266632673412715,59.047672961705345,35.67272050970861,36.87215086960699,65.4883962684422,1.4109879408285531e-40,0.0,0.0,0.0,0.16996087643949156
27.44,5.848432216988749,9.91719587621274,7.018921739970243,5.267016142604174,5.718606697804274,7.2181711215764395,4.896386321401664e-20,0.0,34.189450349706824,30.727009425263358,47.274965798726036,24.737568576165955,28.1486982605403,41.47409102737893,1.289411807614982e-39,0.0,0.0,0.0,0.14632631270614505
27.564,9.45518942811764,13.121842270324917,10.655378701207635,4.452935837471853,4.25347578050962,6.404589588246776,5.39216886386469e-20,0.0,74.61163289449983,64.29314329964336,62.58720705796964,16.80568869343126,17.77815192556404,37.482942852670654,1.7406604222539574e-39,0.0,0.0,0.0,0.15895527324062664
27.688,10.96963090644512,15.23515740567247,10.614128585453678,6.09490473953726,4.371927501943797,5.100969749559206,1.0284455826246077e-19,0.0,61.22296615515356,231.28750418803904,105.5714977190142,36.76457542648441,18.360649255482013,24.56348737182664,9.99253807586397e-40,0.0,0.0,0.0,0.1268617374368529
27.812,8.7175101455078,12.380055294932882,6.777732176244158,6.022270894358691,4.180756111114153,6.3742791057074735,1.1479940265999697e-19,0.0,75.99298733047185,39.33628282258901,32.45478112490642,35.009384727673975,16.00615726499484,37.89038181863582,5.479955460686183e-40,0.0,0.0,0.0,0.16828943882096803
27.936,7.918834578082897,7.7990010213114145,7.98792643530318,7.543865314606704,5.619466646380434,8.107886507783341,8.268792716913452e-20,0.0,24.803317970065297,39.614362269187424,49.59713320120179,56.63639490749628,31.450188625097308,64.326671031499,5.724732724724992e-39,0.0,0.0,0.0,0.18469362001842374
28.06,9.558291137833283,5.908206270784883,7.507451752614826,8.044279506291657,5.901858452767688,7.332605656281373,1.1786446613863075e-19,0.0,28.30267983296432,27.69289411976008,45.08089404350348,64.18638650731648,31.533978143614508,50.65213744782574,5.035069035070119e-39,0.0,0.0,0.0,0.20604125995624004
28.184,10.916877131807336,7.820628649549308,12.72384279789543,11.403659094316628,7.534795382095743,8.000017596866241,1.6405647468575528e-19,0.0,32.236485087443675,56.66878028933162,109.78054947056395,118.80844655857395,45.24188543738927,54.81020700512237,3.6675628853280015e-40,0.0,0.0,0.0,0.2592230976829614
28.308,9.227806788393014,13.399794348724761,15.34353737230403,14.33015208773339,8.219552949176494,9.156864926027694,1.3463894076044874e-19,0.0,41.46427515641372,63.495365297050384,130.51594933878852,95.83824666348171,52.76554676251707,71.31553678549125,3.379941221997456e-39,0.0,0.0,0.0,0.2768803232732243
28.432,35.79648435582901,33.04566067630594,31.280571341259872,30.976857043204586,19.687871942418415,20.610754297931855,8.549074542881028e-20,0.0,931.2999148148506,995.1385048848357,829.9114531409448,874.4453235960764,320.9672457271589,370.78138137761266,7.301151500640369e-39,0.0,1.0,1.0,0.7987741067834351
28.556,40.89403180390669,37.10568125887182,35.36865653231272,32.979532985430964,20.731655982052263,23.08616329216595,1.2781824621390147e-19,0.0,813.4865375326698,1242.5050079934822,556.952063098338,782.1986404181321,336.28315415205356,322.1301536329503,2.3766502816906488e-39,0.0,1.0,1.0,0.7465190593053711
28.68,29.465489123048656,27.72956503807901,30.27768428944004,24.723244484523953,12.947232917012487,18.692572078586394,1.5499436239015732e-19,0.0,861.0355551624657,549.5627953976754,916.7005209123902,583.8305484286078,139.78409611306742,343.534799745293,1.519829477175442e-40,0.0,1.0,1.0,0.748534194515391
28.804,30.006952543765546,21.754931828585224,27.929605794456275,21.23244172903738,11.158072122600869,17.0276856743406,1.1738700671074132e-19,0.0,287.0454713300987,196.60707200694884,541.0263978348827,350.40005976962095,86.27957495798134,134.19393570448955,3.42975573122843e-39,0.0,1.0,1.0,0.5464851211024209
28.928,21.804462202882565,15.83918769847587,19.19751789530602,10.934402085167308,7.356813837986374,10.778487143440325,8.755201152076751e-20,0.0,266.9791960298989,250.83397673868723,289.4475369394582,108.61388486657225,47.80386988590682,95.94666093700009,7.172044933394486e-39,0.0,1.0,0.0,0.31095495605346096
29.052,8.967010758501667,17.071426825866652,14.591233025898488,10.325250745114452,7.044662116821457,6.952138744569826,1.2667810148107884e-19,0.0,72.27534358556538,36.146443197820545,212.1341395106532,105.05843536786466,49.223012061903994,45.45160674871889,1.2441096335671795e-39,0.0,1.0,0.0,0.21615760764110337
29.176,10.017376399348601,13.592080617197459,9.097225887950485,9.596901734087103,5.4238224490475275,6.75591221726386,1.211838893222981e-19,0.0,44.39465031907482,93.37603277232063,81.67370839110693,90.6387700611598,26.90187782643966,45.57084578396572,1.2835776422121998e-39,0.0,0.0,0.0,0.18658181604706128
29.3,9.245200507129146,9.530176219998085,8.56581366302536,10.931379783379542,5.9342432584359965,8.34359482050242,6.536407949869481e-20,0.0,79.97996116488292,74.71928170874668,73.35274149201,113.36926777545807,32.470915441934864,68.50447171921125,2.6326664667192532e-39,0.0,0.0,0.0,0.2367415664555042
29.424,8.758112384014513,9.489702040478853,10.163973466790466,12.003155546128761,7.5869846191980885,9.453290488773517,5.486786491600015e-20,0.0,75.37607748186163,86.93590533795603,94.28286645404705,130.7566399757201,41.70939142467616,70.19968392615219,1.5379382269549645e-39,0.0,0.0,0.0,0.2445201059491928
29.548,9.318839148875536,22.251938928755322,8.515290497677924,10.278753809111556,6.844333659476034,7.743328788086404,7.975533987262707e-20,0.0,62.46633464506216,246.36794483709394,57.87022721710202,98.91156037215119,42.92595314511162,48.89053968542421,1.6349031297929976e-40,0.0,0.0,0.0,0.13025786116069876
29.672,11.042989677345785,27.10025675135636,7.31912233611425,8.353864185420251,8.672679162257205,7.40950259424544,6.51844696146867e-20,0.0,121.39319640707575,217.75719748211608,52.683654988212304,35.23642501125557,46.12495979809685,49.97925737966141,1.4795808902423843e-39,0.0,0.0,0.0,0.11646903273388516
29.796,10.60871418303699,23.632375725833153,9.465102226088382,7.024471170017933,8.72365168513896,8.573406278637334,4.683094480541759e-20,0.0,92.66143403159212,545.9165399969638,73.40559262613202,37.41357804428857,52.99984902207404,52.914743546980255,1.8827400319565076e-39,0.0,0.0,0.0,0.06663090006840008
29.92,9.302726487964039,20.749314529255926,11.136814096654067,8.00092394190642,6.207614230695361,7.209063543297663,4.6675942271159145e-20,0.0,84.39512922086371,52.67722232250088,123.92350442296319,55.04973746676408,34.631052540193366,51.26152151069104,6.273496258294107e-40,0.0,0.0,0.0,0.1665121641871639
30.044,8.502183177547284,13.762891097840201,10.103318841421212,10.065398659176294,6.625140680165548,8.171797865774222,4.8223044122907236e-20,0.0,52.95135487444398,32.29609731226157,84.01859425283477,44.558465260983915,33.99109697553493,65.60707732703432,2.0411149177021832e-39,0.0,0.0,0.0,0.2053263003163834
30.168,7.972673913313806,8.45767068025717,10.53512002285578,12.250044503183064,6.86366046767082,9.591106653936466,5.2695323083445684e-20,0.0,60.437935352952756,62.79274769604824,82.50775301430068,74.8275263973817,39.561691724484795,91.860468999545,4.554197049702646e-40,0.0,0.0,0.0,0.25550273186298406
30.292,11.948967149843854,7.127524931495011,10.684485992970956,10.834581325225788,6.910775292008055,8.505213166137485,5.48238751700989e-20,0.0,63.344184778764564,14.172018740944454,112.9222710572222,108.63775191365804,43.80246952401571,70.25881922928495,2.929280140568399e-39,0.0,0.0,0.0,0.27677025840663355
30.416,13.848063783283857,11.8759066196548,10.428433803502479,9.11885611766032,5.7562192799935055,6.033298720918737,8.318483354659337e-20,0.0,24.208554777236976,22.847731285147418,59.15973297536577,49.89461483216169,32.125549933813566,36.20377216863333,8.321127813006504e-40,0.0,0.0,0.0,0.22230441090810155
30.54,10.561306016594019,14.143347691822086,23.689711680540672,25.004904558213447,10.551066841795805,10.726459718257857,7.667874932681285e-20,0.0,88.40436550936946,15.455347638836566,226.12401014181677,221.43634779772185,70.87159633145977,92.29788196967547,1.674935450096906e-39,0.0,0.0,1.0,0.5584263481754678
30.664,18.426597636442256,15.596620370234783,51.995733779546455,46.81885867121193,25.511004575524623,19.242877153793945,5.435522907892962e-20,0.0,219.02121286747564,108.37088406763887,2062.005186959352,1132.6704172105742,493.79880702829985,300.97480561463493,2.7185889537132628e-39,0.0,0.0,1.0,0.9054513381722493
30.788,56.90317516331638,58.264436577616536,152.07650702202906,114.04633186668367,79.12911073208805,52.96519168872485,6.984446145178892e-20,0.0,2107.4754506111326,2770.2627795553285,22647.450389167327,12711.696036291314,6260.644591222587,2791.1046030364473,2.3879416221104038e-40,0.0,0.0,1.0,0.9996249929307913
30.912,56.4301350584903,61.405250826549,160.0665283770849,116.03424601461484,94.12301744502003,56.467065660709736,5.92033961478739e-20,0.0,2824.6541407109535,2514.359041727384,23697.244264609264,11295.32875050079,8693.885786605404,3140.348700825784,5.628126907572331e-40,0.0,1.0,1.0,0.9999989952753162
31.036,37.95746668763843,41.051138896490734,70.88864198552596,48.3940372236126,57.00180246247101,27.206798510738906,2.583845750865474e-20,0.0,613.9978363457433,1363.0850171448988,4984.712507379554,2274.3787881816793,3158.258513068553,732.5623714749199,3.815081276606512e-40,0.0,1.0,1.0,0.9870114097133914
31.16,36.62357682806046,37.39021911219575,25.091973954926484,24.84719644553299,13.151375490297722,15.912723987114884,7.903732595535738e-21,0.0,391.5160735596443,327.5639647771353,444.06213661238047,474.8433482847394,156.7163477191754,202.12732046565313,4.159915088660616e-41,0.0,1.0,1.0,0.6020556260483552
31.284,14.252030566371987,18.91544330543749,26.585044299712422,26.596475305391184,15.430175189186357,19.367320038011986,2.157373836624703e-20,0.0,180.83293837106672,312.26210591428503,203.3809572421141,325.2499052228451,150.8788867536381,351.29754965071817,1.1576614321228737e-40,0.0,0.0,1.0,0.5698990312501193
31.408,9.645830261546282,15.739916613868115,23.390582031434835,20.39434156930439,15.06313424164877,17.122892155210184,4.044713442017532e-20,0.0,51.42097845447256,146.3835091541156,199.0713625547127,173.4108335004577,51.149844206201195,95.62618057497066,1.5059219446151552e-40,0.0,0.0,0.0,0.32636563202807467
31.532,11.456737067642324,23.69923544005312,16.243605722574976,13.97427908476895,11.32309410263048,11.328103739845062,4.496382135417491e-20,0.0,32.75021610853077,71.58980811758144,263.7456778471994,182.73105875337265,127.74140731579453,125.55909224966504,7.82150592589511e-41,0.0,0.0,0.0,0.22919760017983376
31.656,12.042774171707958,23.359046337626165,17.975888523141116,16.068871313457063,11.800546030259527,12.427382955032039,3.0185563056633047e-20,0.0,41.34281717746346,191.40647902487723,124.84924256204405,72.5990230111019,52.95142462461107,73.0703646852546,6.289918411723455e-40,0.0,0.0,0.0,0.21140086477185835
31.78,9.15408061501786,14.465587991969656,19.577449818230438,12.130257097180078,10.321482789971762,11.75905794607572,2.883787991279622e-20,0.0,37.37491296406853,204.9965617809521,79.30463268595692,106.16472920104796,54.26826599710994,96.9509912932962,3.67874859873482e-40,0.0,0.0,0.0,0.21829816490522228
31.904,8.701264987622954,17.13884410591629,16.104320721312323,7.28663135639088,7.278731764667789,6.762340245932896,3.9000879321295395e-20,0.0,72.61003926577872,36.39134926248008,128.96575254584278,51.839883011609054,52.67881651122823,43.41014578497925,1.0722145750714927e-41,0.0,0.0,0.0,0.19768486076155367
32.028,9.837585336067251,26.576745317993428,16.38546033804619,9.256180702612154,8.791000827422215,7.859863324674141,3.883158562439195e-20,0.0,77.2272201953532,54.48449277432395,240.13961278652346,79.17725061563718,51.818398005133396,54.41189682056517,7.195334013370709e-42,0.0,0.0,0.0,0.16263405264000047
32.152,8.188494139310494,54.27025672792987,15.898633982251091,7.9518264790621975,8.018389434745359,7.544393578019473,2.8776764038955256e-20,0.0,23.624341505849955,443.0864425069089,76.34372641998172,42.378234392863725,42.30688228694938,37.09159829900643,2.5722980039730435e-40,0.0,0.0,0.0,0.03882618733113178
32.276,8.135945576628849,101.74732233248345,10.970017324162418,5.5157653185977695,5.398708826697182,5.776198003243729,3.0575080609516833e-20,0.0,21.517842825232634,9685.98858557876,58.31534475767983,29.35865803529139,29.106443866871107,28.488441979167497,7.54000098003206e-40,0.0,0.0,0.0,6.46796536269502e-10
32.4,9.74087990574815,91.59410441361968,10.684533197324615,9.447625687437304,7.9501087517126505,7.821527277535974,6.2001267650917e-20,0.0,89.05931932316942,3185.169025168424,112.49005058712586,89.25539187469654,50.85414265927764,60.80702289281234,5.4863357893229565e-40,0.0,0.0,0.0,0.0001331343802000689
32.524,9.50276878627759,24.56134969384238,11.668482967818763,9.735980423071334,7.544967856675511,7.5939184801944455,6.649598991143419e-20,0.0,89.48356510155959,584.9600863772688,112.32272905056554,92.19103366818265,46.22675538196155,51.193065912373704,4.413981659292048e-40,0.0,0.0,0.0,0.07712338345854337
32.648,8.656711959201676,14.854982543072822,10.380523378947936,7.592590763978677,6.211158132791095,8.495468929204979,4.846228057042219e-20,0.0,65.54801541319783,50.95861991280112,98.10205174972056,54.79160737896466,38.182376407592294,71.64560822834181,2.3106821493383316e-39,0.0,0.0,0.0,0.17676635992415196
32.772,8.916171556018009,16.437126976061247,10.962181951291091,10.260575498455323,8.078265110634874,9.126581961430832,6.548335654649864e-20,0.0,64.8884157940524,73.21851963938641,103.08977073394769,98.61582574549624,60.7779422405734,82.7755263539826,8.226794661341758e-40,0.0,0.0,0.0,0.19975582419263935
32.896,8.680467807953741,16.202330313345016,14.73846743344916,12.881573624149317,7.88267595452,9.161560963998474,6.556798407202603e-20,0.0,60.30205038761228,68.18936915641716,204.66123521521337,159.1514926522342,62.12425253982998,60.5653075381701,5.913639600255367e-40,0.0,0.0,0.0,0.2399423898412426
33.02,9.385773198861882,17.53131629814206,17.79459055095732,13.059507625798144,7.655077622619713,9.531811832759624,3.2531386378373975e-20,0.0,71.69581754168438,82.30658063988793,215.7840452122695,167.17867468040524,58.42835064099584,85.07187488587522,8.191018280739545e-40,0.0,0.0,0.0,0.25891876675303493
33.144,10.489994843678762,19.033118194245088,17.009009576517208,11.35181936268002,8.011391720213425,10.423809366593062,2.179254985022565e-20,0.0,102.03277336039218,352.1162169072153,286.9117970458971,94.44548114596819,62.65882254993439,69.73878083071155,1.3342824711589593e-40,0.0,0.0,0.0,0.1485257357731869
33.268,10.703786919031693,17.54611257288694,12.947245343528051,10.608106718140789,7.292839791545046,11.017460589035496,2.2336805020212503e-20,0.0,71.15670019536438,112.63714338639713,102.88996568704009,77.08658577834053,46.03997260112456,59.463845734492885,6.934488197477284e-41,0.0,1.0,0.0,0.19603480816157634
33.392,8.99764439865898,13.883915616439584,11.41703537310069,16.19665096615101,8.624670011265652,12.994713156542693,1.1278595146864574e-20,0.0,64.26535991962061,109.40652109934894,127.81819813937003,249.67858746403155,70.32362676047399,164.0434661934367,9.711411294014113e-41,0.0,1.0,0.0,0.29052289544056153
33.516,8.292277729638474,7.79097027388783,10.109381423773161,15.511622273590417,8.405003812583864,13.019132685602818,1.0357142039221728e-20,0.0,67.73047645351089,30.556417509643275,101.87331984186697,140.21454110568246,57.77257677549733,84.47529305229524,3.856189688069934e-41,0.0,1.0,0.0,0.3111587335492566
33.64,7.912360446153984,7.745029538410099,9.41886528229779,8.251295810588495,5.710073393079365,9.461146570182208,1.2258248123591851e-20,0.0,52.4717822135969,41.54222559507534,86.84022679887363,67.13516012047234,32.44205053790174,84.89782038698499,9.461178739018652e-41,0.0,1.0,0.0,0.20494089056469267
33.764,7.505981363634865,6.306650076940116,10.393627993591393,9.301001233692174,5.121194029292538,8.206793615231845,2.850553123482699e-20,0.0,56.239626588887695,38.689641934323014,105.72812569372529,56.94178173222312,24.587360946838835,47.3134139524566,4.756633138145506e-40,0.0,1.0,0.0,0.22484658633793994
33.888,7.502373639168769,6.814906442371086,9.626664188654932,9.594460994540036,5.819082850829376,7.752704162315776,4.398004446689588e-20,0.0,53.16338615952446,40.97036709991959,90.12250260376689,65.03865278916295,26.185951022192015,29.29152303677313,6.866912485689278e-41,0.0,1.0,0.0,0.21956616398516465
34.012,6.068939108891928,6.769211103957166,8.553163975821896,9.049722267493609,7.609380489663851,8.6743842047117,4.607547017232114e-20,0.0,36.795664671325085,27.713496048924124,66.16371890945763,80.83214839173479,57.84069302711356,75.24133087089021,9.200937005721563e-42,0.0,1.0,0.0,0.21197963304239797
34.136,9.829257128062077,11.90458693937344,11.691985904452956,8.662353898594226,7.437229863532622,9.609799856869815,3.558556268511174e-20,0.0,63.446723773589035,56.7743791939693,68.55704626010352,48.77225018093076,49.073345974172554,50.286477260263766,1.7341002134831546e-40,0.0,1.0,0.0,0.2070570148164134
34.26,10.2255007550533,12.862277729886548,11.054177274790659,6.26906195433359,5.239199032730331,8.730726395335976,2.971931281820091e-20,0.0,97.90547416689435,81.23243460769189,100.95685527034391,35.82281839533148,19.53864800439474,61.01395018084204,8.736997509193708e-40,0.0,1.0,0.0,0.17681857104194937
34.384,6.942802803708681,8.817331668481993,7.90200957804678,5.767278548932847,4.939707702089007,7.760156767802973,6.74959355700408e-20,0.0,35.88243825358824,73.2868204605508,48.34645514715362,28.133171509465363,24.073191636155272,53.46497374750722,1.1442049661845901e-39,0.0,0.0,0.0,0.15345870010055476
34.508,5.6783608983287515,9.513741625682762,8.719004349386326,7.056383527466415,4.9325266648783685,6.749259453143967,1.0516321034906942e-19,0.0,28.762500145972034,50.270369172783,39.704414430793264,49.63221700379842,16.21717987888861,37.815943441313344,3.617278363332915e-40,0.0,0.0,0.0,0.1674770455304365
34.632,4.681286116118175,12.506888442605524,7.090234036292927,6.338846907778804,4.548789280093962,5.185313449271501,1.0446164112067e-19,0.0,20.64778580446803,98.71849242224664,46.06136378998894,39.69836078490772,10.894021197493368,23.824562479392107,4.9397575373824336e-40,0.0,0.0,0.0,0.12835453978145353
34.756,5.923071172835504,11.13213405863335,6.489963537803719,7.019081895736307,5.054897834175325,7.851153374180951,6.674869563315348e-20,0.0,33.36869017918069,89.98966971522988,41.751371157302266,46.731803780749736,15.763516348696612,61.627847701876334,3.1008944275425644e-39,0.0,0.0,0.0,0.1436089345453838
34.88,5.813602148182112,5.770918183430696,7.5312681807813435,6.958541666361431,6.7931556687355235,7.681866507519434,8.139797633586211e-20,0.0,33.06824584501248,33.30332409097918,48.91531148998409,48.42047200436796,43.05624197146558,59.01104388327964,3.0505681225088786e-39,0.0,0.0,0.0,0.18210971625386715
35.004,5.787690696272708,4.316845404442314,8.568922327746643,5.466243753289706,8.639300978309167,5.418341092218205,1.2187963276712455e-19,0.0,32.274031456799825,18.624319147459545,70.89194638654496,29.480600900966497,28.354015300272156,29.24564752584462,3.6363405472853408e-40,0.0,0.0,0.0,0.16772829501116224
35.128,7.203785537848428,4.253292019477765,8.912358469897661,7.080594477199218,8.260693740060876,6.945034872884859,1.1172672002539104e-19,0.0,47.476440895888075,18.048415936316275,73.30767249696676,49.8682351081865,58.207145719137664,47.987554410582746,8.97419032534386e-40,0.0,0.0,0.0,0.20812201273844008
35.252,7.720880908022706,6.427207413030664,9.44123704448535,9.929007403943173,7.180102467604176,8.328513025983865,6.234288835077132e-20,0.0,58.88953092459727,23.707418985713634,75.18858682218199,94.0643351996754,44.51513872910643,63.9823832274633,2.123356147478456e-39,0.0,0.0,0.0,0.2424141353473144
35.376,11.4195251265051,12.370168983758534,10.055613457397863,9.623196737780933,7.056974516746216,8.184548681989027,4.1492201025203476e-20,0.0,63.68151205358501,44.14039155936558,72.87864954156066,89.85600930955216,25.557591929181918,65.79194072852611,1.0481008573914846e-39,0.0,0.0,0.0,0.21738647056273777
35.5,11.234056554654805,12.126432178071708,8.401795704832912,6.810127171814761,6.469056322537038,7.22279131493657,5.971372248955899e-20,0.0,96.42680512411904,101.08028422171223,70.30196990368347,45.748895425710984,39.50379172234293,50.958865880165924,8.51831999508836e-41,0.0,0.0,0.0,0.17871802552738952
35.624,7.625488325346765,10.248529359395297,8.740468960447751,8.289516871072394,6.954468964058791,9.264858046345674,5.564669339500056e-20,0.0,50.35770704585641,69.85082507056458,55.11289350847786,67.23772310262969,45.65171540855794,84.71068621009447,1.2969750457246894e-40,0.0,0.0,0.0,0.18678793520046308
35.748,7.9342478302926045,10.082066861265389,8.124777928928502,9.37482666252653,6.360183518372813,9.560103112067663,3.575199186588819e-20,0.0,44.45159922875896,29.02773635364202,55.644005306898094,86.12424972286291,37.83908618325861,90.62990177292424,1.5951322806571926e-40,0.0,0.0,0.0,0.2073104343709012
35.872,6.952632034038164,6.183051429541989,6.9890940262815064,7.059691412556134,4.829287021618322,7.998706519778306,1.7552606797840463e-20,0.0,39.80538066051358,35.87111372514897,46.606757422574844,43.32186292141786,22.796485202426553,60.296278706119594,7.427579115175836e-41,0.0,0.0,0.0,0.18381061744838434
35.996,9.715232397261378,5.142538951907117,9.396583995551875,6.865213658479738,5.900668124095842,8.053962072102001,7.173623940081366e-21,0.0,50.14847277298523,19.870612000140166,86.53443727588119,42.15260435033413,32.836859491782356,63.84585864578217,4.819407832880901e-41,0.0,0.0,0.0,0.2099187279959376
36.12,9.541507211786481,5.035442107289187,9.172063047004874,7.775835396259596,5.913137716928945,6.627940194067145,4.262889972044912e-21,0.0,71.44308186600396,25.146369392998647,53.82060273593329,60.22760983256876,29.44690248311469,43.884528232516324,9.84416574500964e-42,0.0,0.0,0.0,0.2339858750125829
36.244,7.780462910038584,6.880257285501229,7.352681644800498,7.475778612505632,5.3052356450822025,5.153739362599494,6.6814210371111245e-21,0.0,39.15603131835984,44.46841645639114,48.823600883707094,55.147473015204206,27.440038653083093,26.52095700619237,3.3414694274404913e-41,0.0,0.0,0.0,0.19052573615535529
36.368,13.230389511974456,14.695324782267763,9.196235281843764,8.980442921250832,7.126340334694162,7.971512376478664,3.12001866691104e-20,0.0,78.25798861839274,123.02286914564736,84.11565280014668,80.55852140064019,44.86724780705271,61.61498491580094,4.177260685367787e-40,0.0,0.0,0.0,0.18846056992334786
36.492,14.226204753295418,16.533302860000614,13.819233787272545,10.954072718712315,7.407443508347771,9.375580289873549,5.0755389601495705e-20,0.0,65.22586068643379,97.86362548657458,125.85890874766302,101.54367090092964,54.3963150022674,86.38298662454015,1.2950156311840554e-40,0.0,0.0,0.0,0.23169749235591303
36.616,14.178865028115043,15.716748819878852,19.53053898308692,10.451349022986696,7.4054219417036595,9.277746903219997,4.4854807503998666e-20,0.0,61.17472033816177,234.1812753400861,79.20815261047106,48.45212778223755,44.29296118660474,48.35624625183078,4.497147197863335e-40,0.0,0.0,0.0,0.21442484269190476
36.74,22.331045922252606,21.362414726780273,17.48651341387925,8.806726444661946,7.778216916893567,8.570282774971577,3.067722467188146e-20,0.0,458.0507278006536,46.20365769849292,226.4699420015334,47.34482079706088,58.86154620645357,63.89157500093417,9.173877122114778e-40,0.0,0.0,0.0,0.43880315066399517
36.864,41.36142319003332,36.20111168449331,18.75918630287114,14.894462588940637,8.355250606490088,9.79037427084989,4.381855768370675e-20,0.0,219.5035713044818,180.8139920091749,176.79540858097693,178.2653492908485,33.98913895803018,56.70918288161798,1.7589944837916323e-40,0.0,0.0,0.0,0.3563750776638993
36.988,51.43553382470198,54.39867302934331,34.38522005435505,30.11453928816762,10.85773927871988,11.921765975098605,4.4008958359371146e-20,0.0,302.0319275381787,524.9244538574003,131.03607300877064,186.90699021694041,23.38223925157732,33.55082251474042,1.754960068016124e-40,0.0,0.0,1.0,0.5642851192307551
37.112,103.00523009243155,131.12293627896562,76.86599356695088,62.188928671455436,36.66737356084209,31.02266432470357,2.521935072419879e-20,0.0,8709.838445745912,13932.212310850555,5824.965881799907,3812.7018852473093,1312.3876708779358,919.5790547812348,4.754782324859971e-40,0.0,0.0,0.0,0.23153793169949996
37.236,105.90204054930521,130.00184908089585,172.25528905632729,99.19100992024917,75.05157471338634,73.70927909358073,9.872202849724355e-21,0.0,6593.680402453936,8947.774831396931,29293.553949268022,9458.784171298781,5597.916706730409,5421.109275540029,3.6149784334381387e-41,0.0,0.0,0.0,0.3071300474417309
37.36,51.96447611324764,51.055387908905075,175.1595047331246,92.44482028258393,82.67191647844916,72.19724147310463,7.224495750100461e-21,0.0,2515.3776085396,2468.8084585735505,30335.220759318443,8295.517616755527,6834.508777791073,5195.568815057273,3.9849582673903096e-41,0.0,1.0,1.0,0.8737115552128335
37.484,39.613947306536964,42.89929792450167,116.18441604883142,72.1811193946935,61.146024329767535,34.76089361051364,1.2408232446433557e-20,0.0,950.1983053840537,1014.3732059915601,13484.324058783097,5188.454503666395,3714.2535776673167,1192.3922519503164,1.101400381996974e-40,0.0,1.0,1.0,0.9697956455475171
37.608,30.698099932512662,33.048106017722475,100.90618741650367,67.65778165099658,42.50137290156086,30.166476990937937,2.3945075470495746e-20,0.0,831.2581376821753,794.5309305524815,10153.874022811284,4563.35113005966,1806.2076137721958,908.6076653449486,8.732597658849682e-41,0.0,1.0,1.0,0.8764051023285461
37.732,18.453295699182863,25.173990916779452,66.704417917785,54.05932823262822,31.325457295474212,22.682595949325304,2.1686763522182458e-20,0.0,331.54516404538384,485.6909996346579,4430.516099698365,2918.819565167678,976.3373471805567,510.0025519728951,1.4373033705476306e-40,0.0,1.0,1.0,0.896899585835811
37.856,17.67135575503639,29.361697808120205,46.551706776556834,44.95626474406528,24.065543058533446,14.52211222679662,7.457383901306775e-21,0.0,312.16445014358425,400.8803557419691,2164.499967566331,1999.3907947989655,562.5142287190932,210.8273508460163,3.252515447777441e-41,0.0,1.0,1.0,0.8530132198717362
37.98,13.988718168859199,23.992211794771876,28.62230871001559,23.240571838359404,14.069879628429165,10.60049251597811,5.668834107969679e-21,0.0,143.91775154289834,523.7865750728096,688.0764427511407,456.7976314346109,187.8154024631216,97.54961781200717,1.658318025953345e-41,0.0,1.0,0.0,0.3010895996014763
38.104,10.465077839076477,19.858742200468637,26.14532213390245,18.36609325715323,9.693214784580624,10.993277951655935,2.777182458410754e-20,0.0,108.47204845129023,85.90806739866237,388.53859042761076,225.77869189654274,75.96494630900752,64.0991085248131,5.626941187261437e-40,0.0,0.0,0.0,0.3703327870107001
38.228,10.754189100220804,19.802653122283868,18.821096732961536,14.20224866742811,8.619090813356735,12.106636806389513,6.067009938120458e-20,0.0,72.53987689087553,40.84665352056578,336.90433437212886,200.46523531912658,73.24573354234835,146.5032046779426,6.068344901726919e-40,0.0,0.0,0.0,0.2731594332462996
38.352,9.197729309957854,13.532295819110082,11.1372432398015,12.705841491319216,7.444098966996972,10.314599792586625,6.134713974449343e-20,0.0,36.54580126104712,41.50896323850901,69.74325187661078,25.131017431759872,28.77715071001785,61.10108796584559,9.155886858111213e-40,0.0,0.0,0.0,0.22655377331986595
38.476,6.864149118802014,9.063367422907318,13.176929399466104,10.737441156945826,7.881164606581317,8.079360036770524,5.283856106290452e-20,0.0,38.49792142424243,16.35678440859406,55.53538636031041,35.68202794435799,59.23746570856665,65.01826830952244,2.5738888225298736e-39,0.0,0.0,0.0,0.25574370504217636
38.6,9.346902722475097,9.516823927726419,11.980974831489428,7.809858804135591,7.734642539056462,7.142923622420423,7.163372151882321e-20,0.0,76.87640624401529,90.49179031388282,76.2723622574752,53.12414216897379,59.17179389732493,46.23343165705596,2.9303392296865612e-40,0.0,0.0,0.0,0.21031337193520427
38.724,10.198832151805112,7.952679162193669,9.998664429848143,7.18594484348294,6.50775357002633,9.071306499055353,6.344454836002948e-20,0.0,85.76794822644136,37.77878670407212,99.82719944637962,51.12818365905896,39.776149513858854,72.4472800028366,5.22070622356064e-40,0.0,0.0,0.0,0.21298004997044662
38.848,9.842914441498754,20.546431861900412,8.287952521226682,9.177633633674816,6.534964256693401,8.649582662963402,2.9937384200503385e-20,0.0,82.44833456546218,197.25418076492267,66.58774282874795,60.34768987074649,42.45038235795602,69.81633286725885,5.245162267557646e-40,0.0,0.0,0.0,0.1405746813110616
38.972,10.522199439067434,25.350411856541438,5.993665065971054,8.441047005106316,4.953316737081273,4.873267356402605,1.5802940484637835e-20,0.0,102.65928620040246,116.69362143994013,34.260406025146004,42.52010911720925,23.498237591419457,22.492239360845772,1.4123733058477444e-40,0.0,0.0,0.0,0.13949806760577504
39.096,11.196263754788326,16.266137712024353,8.98025546217349,7.982900877983449,6.942355489366202,6.2898834829304935,1.7906941570731526e-20,0.0,99.4615204358579,226.58333441188591,63.152294575015226,61.338806558239014,39.16769338831491,39.499996922807846,2.8958215125225675e-41,0.0,0.0,0.0,0.1493699403283739
39.22,9.310097862290517,16.822575494552098,9.30177724654383,8.81014746409228,7.457527013659305,7.9165082859118225,1.0785350163504973e-20,0.0,66.28774870001554,162.89123049236926,77.76597532597485,77.56860624787457,43.20767795809668,60.62517119874178,5.011381884310616e-41,0.0,0.0,0.0,0.15297148452736947
39.344,7.527558961308287,27.940032465683156,8.693310843373073,8.780250442072076,7.00588342357116,9.269143263391095,2.2062484233553343e-20,0.0,55.51144050473336,224.59864965191326,75.53213466094299,66.69089411460739,48.15322248319693,77.37419122372613,2.5077843222915163e-40,0.0,0.0,0.0,0.10046375808616013
39.468,7.124358017361389,24.96140662485128,9.773625591725672,9.01330095577425,6.066476078359669,9.418031025941804,6.078449297256967e-20,0.0,45.402092802024946,502.0365722016708,79.1656212099809,79.90718265685392,33.759832478065775,72.72148691231024,8.265340693588e-40,0.0,0.0,0.0,0.06929881452143043
39.592,6.036226356698364,10.969715279014581,9.386629405436288,9.965905026895786,6.009339845728424,8.843689196562051,8.792814769081255e-20,0.0,33.18909553134475,71.86439866504128,44.82263843009812,80.57833915585877,35.326261801411874,75.55756170528532,2.1546920102783578e-40,0.0,0.0,0.0,0.19594192506758462
39.716,5.486280203381332,10.061632761043828,11.834319789965496,11.059527792603745,8.204560580880182,11.462752389414298,7.266971074082774e-20,0.0,24.327176079196366,96.65289279605983,129.25765128069577,121.5023439223149,59.21461007234149,101.32945535694165,2.5633065158696282e-39,0.0,0.0,0.0,0.19987959791267715
39.84,10.684815638477954,11.914037600570776,17.252193092974945,13.633446342982438,9.596350005082412,14.768063703540754,9.497284093433103e-20,0.0,76.37181510150242,141.87645730395107,100.28571727290773,98.3010033829651,52.310388710124954,97.77916335173488,5.751451747970768e-39,0.0,0.0,0.0,0.2697566688260804
39.964,17.4209534966069,16.931720312098083,19.36902740021793,12.65410443458926,8.965831766558976,12.859491774203908,1.4802128565919333e-19,0.0,123.07427518213424,68.3914840448409,120.56924378044349,105.20256362662855,80.33991884648579,140.63349130637795,1.0712591297286985e-39,0.0,0.0,0.0,0.34844277908174803
40.088,17.724268129254565,15.943948639363086,15.036775846619022,7.747467337908576,6.441224568972223,13.325638009169928,1.2968344041959402e-19,0.0,312.42742491891624,184.00719454799255,208.9303802798475,60.021992875851275,18.746385888730057,118.61144518299017,2.9051444286477775e-39,0.0,0.0,0.0,0.26397214682412706
40.212,20.00944119751588,12.759002652228219,15.884850884448433,12.67647130414426,5.412795464200834,12.332912320121835,6.691840202623199e-20,0.0,105.67125055296799,150.52591071345373,73.39417322915995,85.63422167741267,10.895537336400551,90.07495572561932,4.274924156895496e-39,0.0,0.0,0.0,0.30440342567413525
40.336,23.41468747351515,18.64076839848944,35.667609325631005,29.429288765490274,11.355733289930969,13.168577840736429,8.344289703695885e-20,0.0,104.773721904981,123.24195295776433,219.79130541834797,209.57787033702905,45.828749698297685,84.90483171108748,1.4287839139941811e-39,0.0,0.0,1.0,0.6973782620250296
40.46,34.68330879865369,34.23302916285686,128.59578461401958,100.57178808126106,58.89341955986067,42.45492681562254,1.0084700720702756e-19,0.0,1197.1500302668687,1171.8765688443941,15980.764784472403,9677.78804095329,3446.3020092178813,1762.9470383118776,1.1260957558121231e-40,0.0,1.0,1.0,0.9970212481896822
40.584,53.646867143093,63.5494797234032,179.75780673897853,153.60893075648065,90.69604553345035,70.13946448504907,7.721518394734524e-20,0.0,2077.9024143321303,2520.021402901047,31370.21705919128,22582.09298311671,7943.039225765682,4724.0979787616225,6.032758910597608e-40,0.0,1.0,1.0,0.9999958472663704
40.708,47.939860001663476,57.326187279701834,139.76135986569594,148.38489155073614,75.24186189176808,60.16494188859156,3.9394942524631474e-20,0.0,2065.1671846154886,2263.533962139294,18511.41581672435,20664.19572177515,5524.516080457097,3398.9171505820873,7.58847822210472e-40,0.0,1.0,1.0,0.999999959985924
40.832,30.98497337382152,27.019370914108034,64.03292324958113,105.97233078042417,48.18572904910409,29.768461599165065,4.1986154686162553e-20,0.0,811.1923976004305,693.3822800550738,4068.3240998596366,11140.202191785678,2228.0819562850174,877.8412500924309,1.1441341976333851e-39,0.0,1.0,1.0,0.9999984057211109
40.956,31.375000563168857,39.662910738503136,71.07978228961709,81.64111051973475,46.143379210283825,35.19669218478007,8.88647235232719e-20,0.0,969.4568698945202,985.8189382924722,5001.452868599056,6426.619603750439,2074.879333213604,1159.457822537666,1.0499461389024009e-39,0.0,1.0,1.0,0.9997213992152943
41.08,25.220890362140096,39.689600788991896,72.62040770620315,71.95591820001196,32.7555509253125,32.60358195529325,1.032864133886146e-19,0.0,616.151105782473,978.1494351611386,5266.1702207895505,5175.11582236573,1069.3142847575102,1060.7285072151842,3.5576390854784947e-40,0.0,1.0,1.0,0.9795270870520484
41.204,21.556977023537545,26.54023870683947,48.57622266104025,59.856221372198306,25.648360156434325,24.325682940021355,7.010140864252678e-20,0.0,455.5935296300509,587.4015454665056,2358.7217625701164,3567.534119472134,645.3882370977185,591.4905229235728,2.99406441731802e-39,0.0,1.0,1.0,0.9794925124391628
41.328,17.526433107800532,17.247093737950593,39.258951187780674,53.1192737819423,17.084946747300286,18.106987059400865,6.578861651939246e-20,0.0,235.32415549084567,279.85514510116263,1520.804085958859,2803.909977831581,291.6209579914547,327.77813505275003,2.2803666648883027e-39,0.0,1.0,1.0,0.9542315813498917
41.452,13.177304923967382,21.92681143946652,35.6528581914277,44.154877060965845,12.881983467443204,15.721413836337776,9.782744724648976e-20,0.0,143.78675342832352,395.6291587700362,1177.1546371182294,1949.6111792918675,162.89117309262693,247.03122855370503,2.2116890492798587e-40,0.0,1.0,1.0,0.7974545937773433
41.576,11.259964765139282,24.88832796772248,36.74344756894209,35.22537104407614,13.905541461075611,15.690786347755305,9.147151812310259e-20,0.0,126.72002163017717,97.47165710453088,1224.8600652283444,1240.817031322457,193.20062924796247,245.00707065479844,5.165363736591261e-40,0.0,1.0,1.0,0.6921053351433365
41.7,8.924426979452306,22.373469049122157,31.943887279157643,23.070371959538402,12.64988295612095,11.54520938543444,5.338281300690427e-20,0.0,65.99743936837828,106.55591131278649,1020.4040501760576,520.9158993490435,159.61020129967042,133.27612665947987,1.68587324590699e-39,0.0,0.0,0.0,0.3634635945598488
41.824,9.277268494775665,15.683901747504883,15.40952696734381,9.565377756089628,6.022152010200863,6.531613241347778,4.6566510141049383e-20,0.0,52.96994695577966,170.2710127844106,153.50234286167594,65.25956211686758,34.73971524235194,41.08025628699279,1.1770061801753446e-39,0.0,0.0,0.0,0.17896898462567515
41.948,10.307806353534197,21.825099714811802,14.728378903881808,8.43085866234068,5.604250390750343,7.994583123178424,7.269482726829724e-20,0.0,33.60079950024113,269.11595328128936,50.48729543046475,51.22525124131338,30.906529841719756,47.175462048231054,1.9819664352957264e-40,0.0,0.0,0.0,0.12826011994800207
42.072,8.427081324509041,34.21104869994954,11.917047144767162,10.503986166788534,6.879335650271563,8.106221118204367,7.014722686076107e-20,0.0,63.15102484346522,138.71740265328498,64.90055710300707,103.08357291983417,30.60196527374081,64.8590493408174,2.523639558989689e-40,0.0,0.0,0.0,0.12615486916975308
42.196,7.547792537798724,27.274527276294172,8.375469727828458,9.558052258480206,7.77878388928479,5.459810721179615,4.152304572375715e-20,0.0,34.20811184026023,546.9237973699653,69.25695902365672,85.93751844996287,50.92185974529664,25.860606323322465,7.254781076410191e-40,0.0,0.0,0.0,0.061145520781598926
42.32,9.534496285467675,7.595823114534412,13.784131767163712,7.74374023760516,7.640402525038223,5.801643397138398,2.9255180547523434e-20,0.0,53.8362911879551,29.660750399824018,104.27525287662874,57.81049902519453,58.18062446900738,33.57623719114599,6.568886759641271e-40,0.0,0.0,0.0,0.23602246922415956
42.444,9.067349508328727,19.39479647507043,13.139907769103672,8.166655085223125,7.451313068053445,7.705880356424785,5.0616896938832103e-20,0.0,75.02472362116967,213.35466815597414,114.90274837021899,63.879511219867716,43.42404668347509,54.65431086275325,2.1022515783477386e-40,0.0,0.0,0.0,0.14060450362167917
42.568,7.049904981516445,27.15759803545649,8.37902459855991,8.253188028714176,7.533613082569593,8.971033897245462,5.813525945548689e-20,0.0,49.62023256936086,177.85632121318548,65.62162455116453,63.99018883520843,41.90363542257978,71.10861554025912,2.4801393061717945e-41,0.0,0.0,0.0,0.10173772894388664
42.692,7.14525474407523,20.334562101898502,8.986656141585966,8.659796990837878,7.651007818226529,8.503001996017419,4.275846328377806e-20,0.0,43.278597772769366,291.60458856798346,78.2918135397762,74.29378409323077,58.381053257329896,70.48835496994643,5.25980423843432e-40,0.0,0.0,0.0,0.10605079789102079
42.816,8.687959729949414,8.288404537581918,8.486328709247276,10.080101637334137,7.105560424954525,8.279722298269618,4.3962488430880814e-20,0.0,64.42343094259499,53.56595723248075,71.8856449599852,97.45033640596564,47.81353756293719,57.265471347695794,1.6064455034433635e-39,0.0,0.0,0.0,0.22778908671112155
42.94,12.059702072815082,17.009673901232127,10.518598117233243,12.719706077758175,8.090599493378988,10.484358383080076,8.044633157415252e-20,0.0,140.38025798751542,146.13709631730697,85.30169696336677,155.46403420925802,60.276657353637574,107.7946547823834,7.531490256625794e-40,0.0,0.0,0.0,0.25322939472488665
43.064,16.837578220839536,30.168684129593103,10.905779475331839,11.469935126760793,7.8215690136814615,10.598479321970537,7.759963359922304e-20,0.0,135.60045964478132,174.11456845911434,68.06523436205386,128.85770948785026,57.66877250843627,112.31228325705109,1.4036858403904522e-39,0.0,0.0,0.0,0.18780338921352635
43.188,14.760934047051533,31.623935487069197,9.084095847074996,8.378583241694319,7.399573086782107,9.332258215573614,6.139855801045235e-20,0.0,156.2252253294713,776.2572542730643,76.00356229789763,63.546884921071666,44.51031269685951,83.64763214827065,3.548860712963752e-39,0.0,0.0,0.0,0.05205374089081996
43.312,7.267824176095223,26.545575537386433,8.046865558428031,7.841529456237612,7.55041254820765,8.308902242565141,8.248652090494447e-20,0.0,49.0714885691584,446.9191727925193,53.458487718518874,58.87549355551074,48.195012324283354,58.12120693252921,5.077259944298086e-40,0.0,0.0,0.0,0.0657422589764481
43.436,8.312792726123538,23.934860650594278,6.721288587769749,9.833949820701712,7.55675433817492,7.690098074855852,6.898434382986454e-20,0.0,40.175195688241956,32.21731257216487,33.654218782954885,83.46928146924351,47.963405042757074,59.12829051222625,1.7668969940349625e-39,0.0,0.0,0.0,0.15276398069980898
43.56,14.283355015422835,17.664927667965035,13.293782677237026,13.669556635904291,9.235183045457081,10.250350466329362,4.564401036948138e-20,0.0,145.56486380769377,40.293381621163384,145.48379397350493,36.32027615485746,28.913703590192167,60.661812057108726,1.75438300483849e-39,0.0,0.0,0.0,0.2835436635253359
43.684,17.06206105372746,13.674070013370091,18.507437827814826,13.87186167153648,10.590887112561441,11.696474757822893,5.4102232303881053e-20,0.0,261.8387801965587,185.53710352500627,338.4333691715922,188.71087085046918,111.69290346110328,133.90769612335993,1.2233464080952965e-40,0.0,0.0,0.0,0.38191312783716247
43.808,16.9144668071352,20.31232624594719,21.66268195333315,14.838425375229052,12.618944460137296,10.169548774587566,3.923329112124818e-20,0.0,179.20223964990382,122.687297738427,223.90482363738136,41.3453886710077,59.102051499954186,62.2578622608264,3.7785885591985775e-40,0.0,0.0,0.0,0.3267153343826285
43.932,13.993963796043754,22.42218591244713,31.495721244173648,25.80441695582903,15.988038970076879,12.455749692991043,1.463355843114522e-20,0.0,172.5638215018369,66.5504713145246,513.3606821481151,265.35153292766796,110.71584214087312,110.85226686060727,3.540124002452034e-41,0.0,0.0,1.0,0.5539157447013107
44.056,42.282757692307385,29.876512387986434,99.98469836094014,62.315848533061846,46.129031747815944,27.960731921649923,1.520013300092664e-20,0.0,939.713072891367,876.9662442276871,9560.731812176271,3779.2927292976,2024.403440108526,700.5736988642788,2.2973382496367627e-40,0.0,1.0,1.0,0.9216072385948598
44.18,44.135563503439144,31.05001298631713,117.88339761456353,84.89881547828726,50.4758053403678,33.45033625554595,4.394089093064734e-20,0.0,1391.3057017633453,888.3858374699184,12622.246893131372,6535.823749504985,2317.931821731372,1083.6960746272982,6.707317226785352e-40,0.0,1.0,1.0,0.9920554837976432
44.304,28.894684599871496,37.78745128978279,100.50057569718646,93.6824864826914,41.94276756753705,33.51386711761571,5.2590793374351616e-20,0.0,658.7338765250748,1387.0469480187064,10050.136342376112,8741.611046533131,1717.09054060805,998.8474163397452,1.9810202186078596e-40,0.0,1.0,1.0,0.982181622542588
44.428,27.354094810349,40.386380558568646,79.83949179155319,80.64828368384876,43.1524635838161,29.265217911680214,3.2739127588783114e-20,0.0,566.5253635238477,1536.451941812355,6133.058701503596,6450.551281869523,1832.4627565665887,856.4526975148834,7.171454437866554e-40,0.0,1.0,1.0,0.9908000567770179
44.552,19.33529855175534,22.785685581818377,43.835670736636466,47.930495772065704,36.10065973619903,18.20616395893945,1.0335665710298845e-20,0.0,333.15466694228473,381.0605510078615,1891.879330791335,2296.814335115698,1302.7361836436298,293.228591590529,5.666493138440251e-41,0.0,1.0,1.0,0.9796010296998023
44.676,20.000497889550775,16.18224519156928,50.966929170254446,46.021080638292936,32.7816025505046,19.304577744959293,1.1119071211098164e-20,0.0,351.5334753991951,261.5170687503488,2531.3845102544688,2080.7866287773845,1073.1998881839168,370.69573493598483,2.760737292950358e-41,0.0,0.0,1.0,0.9657297491215107
44.8,19.049118342433573,19.614277409277395,50.28748737174024,40.69456026937378,28.582251082923946,22.536804948443056,3.003068508023295e-20,0.0,362.4949418905596,383.65158461931026,2512.0165055515654,1634.9108482410873,816.5710094329374,473.54814743672927,2.7270819721562918e-40,0.0,0.0,1.0,0.8836338958054182
44.924,17.562991369679278,23.10748572562293,39.293596411723456,21.594277481785912,22.59264800495948,19.070392981082673,5.189689058529927e-20,0.0,292.1092667253268,368.82222151024445,1465.162454522869,459.8485066523435,505.38404232811337,363.22871055401225,1.5763041611617165e-40,0.0,0.0,0.0,0.48491808482968324
45.048,16.365009480364353,21.78152296156405,33.23499760777201,23.44092517521005,16.871947336955685,13.497034086208078,5.180305046528256e-20,0.0,190.3387619765512,139.06441031634648,846.5505171084641,485.28507190632433,282.132979640323,110.60546542804808,3.870458659998156e-40,0.0,0.0,1.0,0.5490012607738113
45.172,14.575854867674948,26.96568980378919,28.16941689733516,30.427867548504473,15.23403933444422,14.382634140265152,5.265337440579346e-20,0.0,141.06588108073626,688.6702432276674,776.8436043880394,891.3312179296768,226.58608294665402,189.70767188935017,2.6588621477292648e-39,0.0,0.0,0.0,0.36963239104381695
45.296,9.679703806896876,27.17519591887332,36.87293643533017,34.24466173245804,17.110190875728765,16.38502579148218,9.316121280007379e-20,0.0,93.57677981156097,369.19553668128395,1232.0918045044077,1170.6679245401297,292.23311976553026,266.08917288162223,1.2833729290056902e-39,0.0,0.0,1.0,0.5471607673003921
45.42,10.98968449217501,13.365347908303438,43.555926457290546,27.3067284534401,15.683473989025632,14.283450575085967,9.995055153515245e-20,0.0,85.80814035334015,135.36614259321422,1804.322506617573,713.3645993762801,244.6334849760385,190.83411458107634,6.541013896028775e-40,0.0,0.0,0.0,0.46515432571217175
45.544,10.65951648267181,14.46096191162396,28.64992117369209,15.84967336428217,8.048831343950319,11.089246362711554,5.998531342501491e-20,0.0,42.22019392987129,127.1802524713535,808.8102018289683,164.46784885612098,64.41321799577355,55.88703975901628,2.4512094903741012e-39,0.0,0.0,0.0,0.2419456434203819
45.668,8.50467453235158,15.164422785008767,9.760532595330305,11.142328190435347,6.176306583271886,10.314008311169351,5.0199316167266254e-20,0.0,37.5042556002481,94.43407022112356,91.81899306278643,61.00836113036578,37.55008402223592,57.14009513653159,1.1044124416370206e-39,0.0,0.0,0.0,0.18322473075709708
45.792,9.452994065928472,16.257308723421048,10.986064138710717,13.11967450636652,6.07747387207882,9.517532168052751,7.636442401742917e-20,0.0,83.28754575466576,230.11211739179728,120.51640405354368,147.47997749080028,35.96726136095358,85.51581054723498,1.4300219673925688e-40,0.0,0.0,0.0,0.19694537296702197
45.916,8.786989303465653,15.53108807261738,9.428287127556514,14.50848122866735,5.183073950434346,10.819559975055315,8.807981568796775e-20,0.0,54.67673101931412,151.28553700183633,49.14068343443089,78.65514551179274,26.843570044187505,62.95921654628883,2.0456267547157392e-41,0.0,0.0,0.0,0.2170807185868275
46.04,9.22332967081316,11.441635389172932,15.049352905100019,11.486197407668122,7.091715409446075,11.416112041412246,8.128565395698575e-20,0.0,48.02606244198444,95.19016134831315,68.634939635127,63.48142994230175,35.1526648319022,55.75510847153756,1.5386295453801977e-40,0.0,0.0,0.0,0.23641471464684108
46.164,12.26614048981762,12.916683600186401,15.274454251568995,8.988215396617903,6.980815954283373,9.818219158323133,5.3498741103211084e-20,0.0,112.68625308997879,68.47767165907153,155.1486603849802,73.62638157160124,39.922801370433014,76.38979841821217,1.0865971660511956e-39,0.0,0.0,0.0,0.2425943214054421
46.288,12.467063110887338,13.365163649933375,14.638423857180294,11.242046644397055,7.107337416605521,9.584252518922192,5.959107485995217e-20,0.0,138.9553344113305,175.21493563155107,131.08544760089615,86.85117261398516,40.94298444378628,80.590973503492,2.6217942682865978e-39,0.0,0.0,0.0,0.2503632601372585
46.412,12.128876051145264,10.884063185070065,16.273071891326047,15.681917933240154,8.208529395377298,13.15990043397778,1.1975111015067182e-19,0.0,60.7207630411902,108.42095256444316,46.54898416874221,86.38099202955466,54.05457813033306,100.2740523227969,1.7976623190422008e-39,0.0,0.0,0.0,0.3321693207835905
46.536,10.695304468688121,9.717856684785204,10.485565691084252,12.620110467190903,6.1349627236855095,11.629771546317944,1.4600619286327523e-19,0.0,95.27175403294768,93.46051432161893,72.24850254239179,103.29556705728068,36.25746872316805,64.6867926543486,2.737031120168445e-40,0.0,0.0,0.0,0.2673093224680256
46.66,8.975819151043849,9.994442099657162,4.73827432491347,7.6292018253183835,4.65472782546518,7.215383727302339,1.0853845953319962e-19,0.0,71.64521414477835,76.41869736898991,22.412777941173797,49.85628664337049,20.681929914590327,49.67629464872203,3.068713229777306e-39,0.0,0.0,0.0,0.1751420917349781
46.784,7.168238937773835,6.023933986204027,7.136377817702556,11.603027860838404,6.232747219848507,10.690199372482981,7.016327270716723e-20,0.0,25.502083124297997,21.427778830601824,36.284606249622556,57.26365303956134,36.46721921858035,65.26102692675099,4.709311006311631e-39,0.0,0.0,0.0,0.23366621282308303
46.908,5.257151696119535,6.294999113309983,10.171102935342857,11.115668998624601,7.601479175532086,10.946536742046623,1.2036942057247348e-19,0.0,24.702314551216467,14.644348239902968,41.836411856522325,48.151489521309635,25.916701543958172,51.522520347360015,1.963475191865909e-39,0.0,0.0,0.0,0.22576821323020352
47.032,8.105786970946955,6.41348193775419,12.532342308417842,8.135393369277633,6.4337548095114565,7.732871016877529,1.3723416663781917e-19,0.0,53.76370354188481,38.58885556172457,51.05482562813578,34.317445689204206,30.739188055705622,48.880161584952994,5.315579469070055e-40,0.0,0.0,0.0,0.22949451351151767
47.156,10.770760374764789,18.71579422350941,13.836653924852035,8.564539498280965,7.113725712722679,8.615128026903655,9.115946723243873e-20,0.0,85.58258252702976,173.71965621967115,70.07948624731345,66.0315039618412,49.81694994750787,73.13347191939926,3.9460758858727196e-39,0.0,0.0,0.0,0.17596011049889596
47.28,16.371023095152673,19.165067294493333,17.104487765075717,15.261134986148408,11.143764510750184,12.610331639794435,6.527474535072406e-20,0.0,209.9438654971605,114.05568912380133,284.74238256206394,167.70128797093318,92.53252157347089,122.91209301868321,2.961367868909216e-39,0.0,0.0,0.0,0.3485550898311852
47.404,19.43213382455537,9.72934039044892,34.492715356281764,25.72495868753991,13.91797976444604,14.960660955955479,9.442085601951093e-20,0.0,83.40240125760238,37.48733511964454,368.5782210700783,187.3101282411561,87.09044523956989,89.31305075740875,2.838756037890221e-40,0.0,0.0,1.0,0.6541690896604551
47.528,15.755326671179773,13.836462009820485,47.23330199004244,31.998543863424544,17.46334136034432,13.230800553596536,8.237146559760015e-20,0.0,155.07010670229332,186.4929918997008,907.4216464749779,413.10430397134064,254.44984126778937,118.3507120189719,9.72581860926272e-40,0.0,0.0,1.0,0.7601636214874814
47.652,47.2179360175121,54.24383739769874,117.78066825218383,113.46444399534292,48.60509416418432,38.98608203048165,4.750653366749295e-20,0.0,1658.123368160511,1836.931762104334,13407.40889751398,12352.167216842156,2173.0305380534287,1422.156409123891,2.1831008901901488e-39,0.0,1.0,1.0,0.9991709072538966
47.776,51.99295293090981,57.434816134226885,119.2388208036489,124.12899104115643,52.50371662942851,44.9872699972376,7.175662759746767e-20,0.0,2335.2480371730785,2381.696338755442,12506.732773110558,13991.514205350537,2522.7220611339326,1842.8450485791695,1.237503623691364e-39,0.0,1.0,1.0,0.9999851528798377
47.9,32.55075407052898,30.82024914329557,66.59998505180747,77.43967737812507,31.119378939702734,29.980478211210748,9.911287442015074e-20,0.0,766.3424448004556,779.986460200545,4422.050985000266,5996.511641374937,942.7524117654675,898.8266919227476,1.2448867074686333e-40,0.0,1.0,1.0,0.9976331473739555
48.024,27.03463425642969,30.898921562984246,77.31671892696474,93.61500081778908,25.13275549312635,32.76795341393331,8.257681933272174e-20,0.0,622.6881813618918,476.49366655932533,5900.5281625215775,8656.007562889898,570.5764944468342,1062.934718919977,1.4241980902701064e-39,0.0,1.0,1.0,0.9989401269879847
48.148,20.309045248335654,29.496733601271444,80.60504698995504,82.7414598922997,34.20819342486654,32.306602177940775,6.929304208847904e-20,0.0,361.382947180199,389.2175404701332,6496.886864734207,6724.089335761843,1152.7405197946048,1038.3446965757055,4.523069541013838e-39,0.0,1.0,1.0,0.9942263193043102
48.272,17.792062159240228,23.420912543366146,67.23548578599454,37.97134670396719,38.934845844373385,20.545495216329915,1.2580098734412274e-19,0.0,273.7728933631343,498.16258790963684,4519.636299880136,1416.6268750084805,1512.3985530020905,415.7727009314856,2.2669573091413404e-39,0.0,1.0,1.0,0.7420194361469177
48.396,14.684912598290282,21.058426995124254,42.0856524576383,40.93034117342894,28.0758821106011,13.892638917520099,1.4794189570880607e-19,0.0,212.15725986079642,245.69954892313115,1752.2555066634095,1656.6852032265758,764.8281513457742,181.67995095120256,3.9971062444326544e-40,0.0,1.0,1.0,0.8881099912251125
48.52,20.32231599315034,24.7161933952846,42.34211184083789,46.63693805892601,16.261512330933368,14.434295434877404,1.0312188280964703e-19,0.0,400.4399657446372,313.8075553844221,1789.0721449136402,2165.2296038612367,263.60479940360847,203.90088090590487,3.7077245541137246e-39,0.0,1.0,1.0,0.9058829737722444
48.644,19.092912384636755,20.954239354119615,40.50617283068826,36.59959821410403,14.818539964153096,13.820158432520108,7.070652062457036e-20,0.0,364.51016446543844,311.6767258935583,1630.889272007474,1309.2526609462486,211.6003306719838,181.07703765523223,4.2876082135358755e-39,0.0,1.0,1.0,0.7598172659058896
48.768,9.76545350591628,14.52884297851991,30.821900008117545,26.196533782170505,15.378643348076784,11.469738758205104,1.2510354451350936e-19,0.0,93.88096169497666,211.05704953128006,936.2629379438038,686.0317810125073,221.75198196602867,122.32856658317229,1.6600784282355804e-39,0.0,1.0,0.0,0.4880531378008224
48.892,11.04759646883676,13.640015799914224,32.84076112038483,25.368603610564538,13.873152503770683,9.966748428138944,1.514560276887124e-19,0.0,102.70385798137082,136.01672875524417,1042.3359099975737,605.1801304495082,191.80524625532908,97.80759321050306,2.1825430458501846e-40,0.0,1.0,1.0,0.5009021429789113
49.016,22.843222050806027,26.413237547519756,26.906155853484393,22.149186113270183,11.547772218895986,7.776666427765115,1.147004553954757e-19,0.0,177.60964443841496,275.94559508308026,700.7043804993957,484.0840229113117,121.49009391766545,55.91659929266937,3.31371775766529e-39,0.0,1.0,0.0,0.3992255653526193
49.14,59.791679793332236,50.870033882339065,36.1027594375607,22.865676881154055,14.029049237080942,16.057945028747355,7.024647891459323e-20,0.0,3522.8525232349225,2275.9193774027876,1276.9840740503535,490.69204857170325,176.30469336763423,221.36895327424273,4.812824512672982e-39,0.0,1.0,1.0,0.9870331651683983
49.264,68.37352609990144,59.906637545437185,41.33413786211203,25.856539601592864,16.90003725700117,20.682174844323175,9.726258882763728e-20,0.0,3266.6671085902212,3115.2598148112093,1670.1886054001288,642.9350620507873,279.50782511771087,421.30369510071677,7.928064318632007e-40,0.0,1.0,1.0,0.9205134127020508
49.388,42.7298232401188,41.209511484437506,25.068320771319136,18.65615978582262,12.704936683451109,17.04010824730068,1.0817941091887536e-19,0.0,1803.5090732604308,1002.9422584891101,600.9480329359563,345.3471548011492,151.2618623183914,245.45797880281629,5.64723318625103e-41,0.0,1.0,1.0,0.8920984032472898
49.512,23.513186837768227,16.537349253110584,11.769452391199202,9.705798551161399,8.807947579284207,10.520091504423522,8.63623087014337e-20,0.0,115.7995804546647,253.53241778117092,115.28193987729097,76.84553591364828,70.95696398481927,96.42765136783501,5.143343031047407e-40,0.0,0.0,0.0,0.20956699887112312
49.636,19.496076845420287,16.45563526500484,10.163220679788934,8.355467950677221,8.277960653704715,8.850078379316445,5.446995213381175e-20,0.0,117.16836956085916,94.04007554835297,90.82743849875037,52.02887274470565,62.2043090818921,73.35613488324327,2.4993648789395967e-39,0.0,0.0,0.0,0.22151594429340218
49.76,12.460515538970341,10.947993375442651,13.383902357772103,8.139768582185386,10.253746345454063,8.984191840541103,8.450547808772201e-20,0.0,74.80607252323156,71.46495029562082,139.4708614816909,62.66297301509839,86.72337469488895,80.22694030802785,2.6605442799585853e-39,0.0,0.0,0.0,0.22146926840588402
49.884,11.129666676743195,8.328451555743044,12.26434207967799,11.530802221688823,9.301011568553383,10.397829442962873,1.1506948627580784e-19,0.0,121.18192781414436,68.5349384960933,144.89617360573143,75.79245185463472,82.11001717587487,82.29587298970111,3.4074898900678717e-40,0.0,0.0,0.0,0.28952402709357633
50.008,12.841541347560641,15.978897091710605,8.863606402795511,14.024705898728053,8.77387083489105,11.87496028144644,8.655385387432289e-20,0.0,47.99221566858599,148.79677947712403,73.86547735677942,195.82134042191714,52.30096772633729,140.31023758782032,2.821512395729846e-39,0.0,0.0,0.0,0.22496584937013647
50.132,17.549224715459474,20.134041948491337,14.097988532303198,13.156520614803876,15.132796559825517,12.576402331596903,5.577584404795479e-20,0.0,57.01755221739958,315.8971667541196,101.90720051802622,96.42962874913084,50.38041159657391,91.38228009287756,2.5975623522498912e-39,0.0,0.0,0.0,0.1572963214272142
50.256,21.07544785395327,20.17540499892545,18.199666322239892,9.822057325803343,16.6013903637287,11.057693952928545,8.101875732006377e-20,0.0,188.10615099243583,325.1864975033385,136.03022088813802,68.61528760471334,272.38862277490927,103.88286729471027,3.2541919644798547e-40,0.0,0.0,0.0,0.27451217821988044
50.38,26.574962691461447,17.2307033960578,15.404973040802869,7.774779693708729,12.585841125441178,11.568289834255722,7.514527321869796e-20,0.0,631.1349195628868,133.6113041487877,228.4364176437728,60.37847477379696,64.71928528719319,133.57601410961686,5.283405220381535e-40,0.0,0.0,0.0,0.4979710496142928
50.504,31.795174198660376,16.160472368015224,11.993265221972127,7.24438737577203,8.722336703815097,12.203321168367335,4.002447790452058e-20,0.0,234.90539766107574,201.82351028489282,75.01476630868402,48.835052746300775,47.971802186947535,144.6086618190751,1.0296695632274542e-39,0.0,0.0,0.0,0.2808208374548452
50.628,26.482625515786832,18.599755485617354,14.623805535251662,10.878460910729196,7.311506131849636,11.652528255282279,3.3089054670882074e-20,0.0,516.3908102933005,345.49615292395123,85.57446110450627,73.09495172107015,43.691485754158826,74.8502407140995,5.224670985614421e-40,0.0,0.0,0.0,0.41650264541290954
50.752,14.207252213559938,13.124215011713552,24.817233846508422,16.470618015323247,9.347993981550976,10.16394388347657,4.526181428703431e-20,0.0,198.13865051060532,151.13026148765871,148.98513937388068,78.91554856588984,58.84483182564407,59.845614213083756,6.040704910974261e-41,0.0,0.0,0.0,0.44897553827059883
50.876,16.94070117877894,17.64531940423827,33.95323319364515,18.98587049486667,16.993053496651914,7.6035674377772375,3.6314088118134394e-20,0.0,208.14859632249394,208.86256320209492,747.4102647373726,147.4066389892199,288.44586857347036,57.28176543821034,1.6702696032169668e-40,0.0,0.0,0.0,0.4867942737171582
51.0,54.00895544701797,53.53609812312875,179.64252365882388,132.1343564607277,94.14907413329283,71.30900210287011,2.1851909919640672e-20,0.0,1877.0261386979919,1930.2954362809185,31097.859846575848,16583.88864432516,8516.712316238483,4969.338740001166,6.249108864108428e-42,0.0,0.0,1.0,0.9999720864934736
51.124,66.22737930781683,59.55023399471131,206.88920588074652,162.91712623425286,115.21273034583193,83.97275016060324,1.6796461753853424e-20,0.0,4102.411382823976,3439.328865113782,41207.15679584174,25677.89412232282,13211.802945651369,6996.350061253799,4.4388240031252783e-41,0.0,0.0,1.0,0.999999999645935
51.248,45.54611904664228,49.97520900823772,120.3704629600544,114.55445699009515,75.26265471668776,48.708896080756,1.0221878551987972e-20,0.0,1919.4590678950588,1378.6134625620527,14458.256821516588,12734.031602066194,5516.9696434182415,2341.971256179468,1.0330863609612037e-40,0.0,0.0,1.0,0.9999996863338436
51.372,29.13573683230966,43.94972989991267,80.75407687146844,77.8787825227801,36.50678994527769,28.34343238401619,2.1945091633457477e-20,0.0,533.4697128167317,913.111180949478,6101.640873301576,5716.882389188501,1264.4348245897231,785.5433445691457,1.4637428281951316e-40,0.0,0.0,1.0,0.9833985371186972
51.496,33.23469094179892,25.80446853452319,67.86767591078159,55.910666587159255,24.936230437577436,24.467620263578958,3.6577242714240864e-20,0.0,431.9014778040304,450.63377114222374,4489.081810802602,3123.979939397052,621.8125203087284,596.9623400331352,6.594687530733376e-41,0.0,0.0,1.0,0.9166246056343028
51.62,38.522977955152236,45.81198478261609,47.38597220177779,40.577433703028966,27.8727977012683,15.946429871204314,4.939279281690585e-20,0.0,1475.0184328432017,1667.6987310045226,2227.7713597951506,1591.9486882961528,764.5466713635645,251.85278269895713,5.286943089725593e-41,0.0,0.0,1.0,0.9010204214903703
51.744,32.12355058285071,45.840555517154534,42.14471785549467,38.11243676913997,27.015722655909244,15.22187717284134,4.6502596801576564e-20,0.0,722.9611747856471,1050.9155742617916,1775.2056536119178,1412.1783264366843,716.2055884695818,227.4294069259573,2.472960884093585e-40,0.0,0.0,1.0,0.770473706963313
51.868,17.38646669535385,22.074018273459792,39.971457226592605,37.904648718401035,18.34037820374093,15.626567334014407,2.851000376901013e-20,0.0,292.31528379855035,407.6443853876697,1597.6403010720237,1426.3650706576775,333.09077840436356,232.73038778099283,7.504324310466629e-40,0.0,0.0,1.0,0.7473944825076702
51.992,15.563032357300141,18.315618638335664,33.398657834055214,35.34235158306159,11.691181882677556,13.586399679549011,2.965815526812738e-20,0.0,239.4811076699451,335.13716314048753,1115.2600213204737,1233.704509794203,128.49379497031677,183.72338190859315,1.6730981970235147e-40,0.0,0.0,1.0,0.6959861667949802
52.116,12.2821987241048,18.676384572346976,28.808062653608413,29.72834948335021,13.713147789958299,11.983812558880915,4.1507553834732256e-20,0.0,149.30273739606736,132.2775116016253,829.7937703852782,876.5173366912413,174.90867956208433,143.60951705371448,2.3217371181492033e-41,0.0,0.0,1.0,0.6201284741876624
52.24,15.305569619324391,22.165701022224965,31.671000635792897,27.13724038811182,16.285664669559768,11.239913634449852,5.179468146032116e-20,0.0,185.0153825297665,98.2881780273072,908.6064275817758,727.9516784357174,261.1940074303002,126.1836359955402,5.579916564007294e-41,0.0,0.0,1.0,0.6224194066360045
52.364,20.66449922786992,18.9222368346522,36.5100865341911,32.01127765638204,16.43571072261145,13.239017900510152,6.513528768118054e-20,0.0,424.9739683736075,195.40620040965572,1332.3205460697252,1009.3382324661792,269.6546770912439,173.38390565589694,8.219215228277891e-41,0.0,0.0,1.0,0.7975058720791425
52.488,17.228207186876265,18.590616592902247,34.412206796137085,36.07829261156962,14.115580260881913,12.505128359270575,5.608565725485982e-20,0.0,207.60977907443572,295.25420028906103,1069.6055299290776,1294.2785846498357,191.73671069699165,154.2558680454869,1.1015290750412841e-39,0.0,0.0,1.0,0.7461986971910222
52.612,10.769100337584625,24.398402242003325,27.018875484020256,34.548146928873045,14.030071920346723,11.374872878312171,6.749552719007746e-20,0.0,110.52405846609997,67.12539704424621,716.6875228080107,1098.4682816632746,138.5002723240795,111.14964955877849,3.44492659685612e-39,0.0,0.0,1.0,0.6727476137137686
52.736,16.83258311345464,24.514347541813247,19.554484196591236,25.102715018701073,12.70724974750632,12.942918286283023,1.1482363632730047e-19,0.0,163.9498108728822,133.74029366277924,315.5640875246179,603.5539796386719,152.7404580552048,164.71856085671928,1.0131481540214006e-39,0.0,0.0,1.0,0.5408416394131503
52.86,23.013896923957965,21.456143880676393,18.474080115656882,13.647757239813503,9.195822553842707,10.938953854140262,1.1303977989637815e-19,0.0,501.26525045747326,459.59693379647973,277.4535381761064,129.4454782160815,41.962226540275275,80.08508361095282,1.3019458627402897e-39,0.0,0.0,0.0,0.35736629166154776
52.984,24.283679693398263,26.41910177546598,18.129159609420242,11.558857854453013,8.236865680729,7.656758267543798,7.217348920923004e-20,0.0,33.76176155101678,71.20309242788126,158.43776281187363,46.164658593841644,23.210026556316105,55.92258124422209,4.9130773209097934e-39,0.0,0.0,0.0,0.22507402060832596
53.108,33.7626519066383,31.99747125331327,15.779432265962226,9.194547061247448,6.417984262882254,7.31474007313211,1.0243446156972633e-19,0.0,1119.5356587674833,572.0878640436024,248.63722051685824,69.29316821220938,33.19804817235438,52.35621135133339,2.657407124750398e-39,0.0,0.0,1.0,0.5895331678254041
53.232,43.10981874843603,27.25540085755702,20.976033881637406,12.397126475022782,9.1357765626335,10.71248873833398,1.2384399169825681e-19,0.0,1025.9683584822587,729.1618565020061,199.80647420400177,96.14376872347158,60.45713597814663,65.74164881618967,4.771763875353238e-40,0.0,0.0,1.0,0.6419252069735175
53.356,33.638504780025904,19.49206536585773,17.475087402230606,12.974381237635525,9.003663659873549,11.48108135954067,8.363973148933796e-20,0.0,733.5569183580478,143.96065854398518,195.4528900772638,88.82270639241372,47.66700818742343,103.50868206670914,3.5943327978008714e-39,0.0,0.0,1.0,0.6948534119834013
53.48,18.850246463476957,14.626161054688987,8.796186393729245,9.860755669879124,6.072774847056387,10.887891797953122,5.797389409601311e-20,0.0,223.0522147030512,210.45797147137765,58.59784520982044,95.87964073831829,36.87234366131776,91.53385686603718,2.184212565084538e-39,0.0,0.0,0.0,0.25473570509842947
53.604,16.95748549190463,18.769958322603305,11.462573843595782,8.0530781483969,5.569932555438817,9.561300616071316,8.17368208770813e-20,0.0,76.63645550228885,337.70732041524053,54.659894517764975,39.4920791082224,27.463112203344203,38.36945136786929,1.3472372448918504e-40,0.0,0.0,0.0,0.13024068604660238
53.728,9.802552155839148,20.153951338941948,11.924352086066639,7.573614437001796,4.713790411118444,8.236083814881788,7.480805367409298e-20,0.0,75.70324734687445,258.63646009128354,118.91641301083628,56.640775932713474,22.15817788312815,65.55686248709796,3.1427982101868897e-40,0.0,0.0,0.0,0.12269310172007716
53.852,12.786142419779614,12.95932003025048,11.047253302851908,10.091003631875381,5.084938992167571,10.907529173419631,4.362359307265256e-20,0.0,156.3166101161699,162.23050785293466,117.12982379869385,89.80682543838077,24.218333490827042,102.93082636220359,6.63467061229782e-40,0.0,0.0,0.0,0.23232296729524324
53.976,13.177525509287157,19.769859062886038,12.979063582194875,10.67877861239704,6.993657821812185,10.840299332770678,3.12810011957052e-20,0.0,153.92076662514643,196.4429903452508,155.94254861246864,112.59324781195203,41.34450459399289,106.50368411466694,8.2894677407333e-40,0.0,0.0,0.0,0.20456102568011408
54.1,9.799718728192769,22.321762227572755,12.704066776923943,11.921493213895891,8.212461985560992,10.07645742408549,5.718897455463382e-20,0.0,83.47223150424006,71.99110764161985,98.21045369708649,72.61052441434659,51.88871255307517,99.1105597460138,3.960890819758686e-40,0.0,0.0,0.0,0.20883775992972556
54.224,16.725414582974178,14.068832543914356,20.558959182692885,11.961802051598758,8.91310781470946,10.74651637903652,5.476377529346855e-20,0.0,50.16776180793703,141.93179456250098,319.51989987087444,139.5215647256321,78.89264707023516,112.11352881955737,7.656036707034216e-40,0.0,0.0,0.0,0.25903786600618756
54.348,15.77180444826326,24.40524072074122,20.685561769476628,10.889732597843068,12.702142471009406,12.463495435406532,3.937458407466063e-20,0.0,167.02539241406186,352.42558685956027,235.27373710882844,68.44765416542108,135.60204810479047,155.09060630170512,1.4662247315973354e-39,0.0,0.0,0.0,0.19580091282235224
54.472,7.198553912686049,28.001142396394982,8.788531011658785,11.538228209365741,12.768722763625941,12.228710942890848,4.206314201777358e-20,0.0,45.3243015206968,223.67353461810308,72.70279830166197,63.87176766645063,150.94015804007364,142.71137313325366,2.170459022429324e-40,0.0,0.0,0.0,0.1261921796542457
54.596,8.275982200647682,14.721563342444622,6.609176933541652,9.947496615643148,7.913497939409239,8.343935357748018,3.1135615951113224e-20,0.0,52.65605801936232,142.81348678454975,42.117872374774834,46.044800053548975,61.41524559161905,64.45226887046388,8.738975204351622e-40,0.0,0.0,0.0,0.16228198881416295
54.72,15.077843771353054,13.969362711693922,14.266363452008745,10.030992895008698,8.381077305821911,7.042821397859121,3.229134343735655e-20,0.0,85.77332503949887,91.78096208972629,141.71865210115735,97.98008284454944,58.79815135091663,49.21952906159765,2.2578658380229375e-40,0.0,0.0,0.0,0.2453506799131978
54.844,18.63909220796224,21.481533770646102,20.296573089966213,16.542783392408428,11.468609914194898,8.40130062398442,3.863542382694109e-20,0.0,39.12817416921933,52.16526345555977,93.23855061253703,96.375584335895,47.434275594277224,58.42598982306372,2.0269396517206258e-41,0.0,0.0,0.0,0.33379332001531986
54.968,15.211221000031605,21.26844222197916,27.70105659787457,26.198151993071797,11.168389707376981,9.828705933051058,2.846210413841774e-20,0.0,106.8723403270427,92.94549569839246,121.85190785884774,108.74273555105407,37.75927644537841,63.83123996236503,1.1415439392209986e-40,0.0,0.0,1.0,0.5564814074998429
55.092,46.54192218720736,34.496207673134116,113.52676563636167,83.76391703973219,65.40799031276161,42.92010156078862,1.3210980075083181e-20,0.0,1583.6566074513282,1156.4274110421886,12420.91073071643,6899.633155557968,3989.531215681078,1654.7256686718422,7.920841019025297e-41,0.0,0.0,1.0,0.9997742482331636
55.216,57.75758757111305,48.31527503007144,147.11693730417346,120.69809892406573,91.96439759355428,65.84313125589159,2.955035455277545e-20,0.0,1566.3452022106728,1440.6538054217897,19322.173939213902,13561.679016595566,8093.600736224897,4202.272395209146,5.5868790940610355e-40,0.0,0.0,1.0,0.9999999748433279
55.34,47.4174246895064,42.68176038532216,108.68865809836295,100.30945181876052,71.93851769958405,57.058665777557394,5.953430136477181e-20,0.0,2248.3985507309385,1657.404545550984,11808.782868938846,10059.686949557154,5081.18463343341,3101.661667813996,4.369173216953237e-40,0.0,0.0,1.0,0.9999996976580553
55.464,40.59895762371865,35.292941878212865,71.166377911032,76.35850779962873,46.74757858832592,35.341784692846424,6.145647846644064e-20,0.0,989.8822652578879,1162.924743182109,4887.020853079547,5731.372151881727,2145.150599872025,1216.4651611395095,3.6751295114526696e-40,0.0,0.0,1.0,0.999597478266166
55.588,31.695241649053248,31.085045014940743,61.88459340071728,67.11884200975997,42.68725930021405,26.522346339425802,3.629314285508534e-20,0.0,561.1006487140546,799.1150594679051,3565.6775350751664,4458.568987296195,1806.8891281119525,700.3106023463874,1.111351715512015e-39,0.0,0.0,1.0,0.9979267891709707
55.712,23.338618739034857,20.468459404210133,46.867635497953,48.765953426688135,30.545603443890798,19.161461682442322,4.4811372514470987e-20,0.0,383.73775186803795,356.32476916073307,1844.3321966976844,2351.6198559269446,903.5762528666049,367.03014802485615,6.495290350973016e-40,0.0,0.0,1.0,0.976711175603837
55.836,20.451297847536022,17.9863770478677,40.03273045370039,51.10208167099414,28.34107522864179,21.491114430877925,5.99799995414205e-20,0.0,408.4782939438318,323.5061602100873,1592.9293963879202,2572.5702510195433,803.0338623851198,456.68679849034885,8.014446773392946e-41,0.0,0.0,1.0,0.9821352135911249
55.96,27.142048561599506,16.138168214297934,48.97229851867263,35.98656168933954,27.29249904385223,19.075046774963273,4.523862634047267e-20,0.0,391.51536651928245,260.37977083651896,2320.59799919699,1290.8691043812175,744.3143384110774,363.5956212232137,1.0549284237211977e-39,0.0,0.0,1.0,0.8880023946968731
56.084,28.193351992170662,16.501425344033777,58.44907361770405,25.488430840825128,27.53075932997841,16.90575768656629,3.6495396698172846e-20,0.0,370.6833705167395,257.0627880939557,3154.6282638286984,640.9711127074604,752.6963578785942,280.182392686674,8.614791390528834e-40,0.0,0.0,1.0,0.6214898379331106
56.208,20.773027373097168,15.766980690301752,54.643379372931946,27.47870874771622,30.713560562416482,17.48848551107313,4.295540881109887e-20,0.0,429.8627668706551,233.86247804069995,2975.3660270870714,701.2440811577272,938.2619201119182,303.5531138137947,1.0939426586854955e-40,0.0,0.0,1.0,0.7492169122072923
56.332,17.4910812850537,14.397315687378882,43.50646107411362,25.426550185208196,24.060171652753986,12.409039960950505,2.9474036692437385e-20,0.0,129.15248181270323,87.65694641460746,1889.809350119206,597.8552685694566,571.3524260399885,153.11660835625324,6.975987118579908e-40,0.0,0.0,1.0,0.5960903568477167
56.456,18.722941879912785,11.919199646577969,30.157704744598355,18.639943016111058,11.850657387814746,7.706401997714728,2.3949993608966228e-20,0.0,124.28541350822141,92.28881347050884,906.6227849480179,341.5218016667697,137.08610246283175,58.961097948515494,1.729471953774287e-40,0.0,0.0,0.0,0.42857007103360956
56.58,19.59173335934178,16.107643626335186,22.077655986404544,16.827344458875327,8.559085045642082,10.818370244459187,2.218935079162226e-20,0.0,382.05140331489815,158.90787542548333,357.6231586421739,282.4303462845192,73.19182200941526,103.72475629781883,2.181009461405137e-40,0.0,0.0,1.0,0.5410380288397154
56.704,15.656256561187929,25.369654840633597,19.31348096137652,18.73228223367206,10.591246925241737,15.423629934103385,1.1736581930912203e-20,0.0,209.999250277424,593.9223076050075,151.92120933362034,280.75302658604335,88.87241178607356,229.96266357860938,1.1500618436343717e-40,0.0,0.0,0.0,0.2469829844688827
56.828,9.901007541002116,25.130030026247592,18.651946707062514,16.31270697000474,9.667448902129568,13.729132500893913,9.697004546520024e-21,0.0,96.24246442405956,57.457163198713864,347.1326500414925,222.20860080053185,76.2024908463462,177.04323517248113,3.756251400227591e-41,0.0,0.0,0.0,0.2721789351270415
56.952,13.24950119345167,20.492296296281886,21.149049999813233,9.374732278826382,5.365816979566654,9.7731457322143,6.219181002719008e-21,0.0,89.64742808151995,70.47171563571622,88.42713760920186,74.10075265133648,25.05345688158565,78.40804469107614,2.1620463218214687e-41,0.0,0.0,0.0,0.2533232420497504
57.076,20.103557814471383,16.0462101803296,18.925675434461144,12.538837364286495,5.766288888892449,13.521017406756501,1.5319611748657648e-20,0.0,364.12521682169216,138.79461214790706,310.6530437161847,134.3089444971808,31.40672667128463,168.6252226829625,6.0771963226623e-41,0.0,0.0,0.0,0.42899297239767525
57.2,19.925524136784343,46.106710083172224,10.637197863178537,13.076863995809763,5.663122712415789,13.136476632033814,1.7017569844812713e-20,0.0,371.36989204368655,1247.2444202939455,82.36729571835149,166.9149069267488,31.5726267642785,140.75291524427757,1.3788946346667766e-40,0.0,0.0,0.0,0.04490075627663128
57.324,11.925049604877001,59.306777673392475,8.085367182819073,11.490949888719888,4.6757381075916715,10.220210287642857,3.7591454533806756e-20,0.0,115.57673223019647,214.59460757246632,58.81914956264937,54.793694234898595,19.326484890015223,92.13729870667638,9.128442581559246e-40,0.0,0.0,0.0,0.06937764349111485
57.448,8.802008825377872,38.24959575480074,12.238250377594929,9.394730955650083,4.325592181513227,9.125062563148441,6.043283659489629e-20,0.0,53.04619128983903,810.6599232311047,97.19649023554575,62.41192726165109,17.016525718253178,60.11093011520545,2.1701678428290497e-40,0.0,0.0,0.0,0.03358899695872324
57.572,9.332809471589481,28.62739049603195,12.229863011953226,8.321301091954602,5.448108931760848,9.020197584892554,5.192384265089802e-20,0.0,86.01235120109202,506.50408928618106,73.18150865395326,68.78656559096454,28.824633287873045,80.65315252472763,1.0837622411096266e-39,0.0,0.0,0.0,0.07541043880753823
57.696,8.903124493002402,74.80359225668647,8.504192988175657,8.203957425561226,6.555247518780232,8.535627692995629,5.513033179973826e-20,0.0,74.08682896206867,1276.725002600474,69.84951176299985,60.99221297943192,42.945971955957624,72.64930319615131,2.198647764153047e-39,0.0,0.0,0.0,0.0051345342930423825
57.82,10.20878775276826,100.2813124340895,20.73338555859875,7.7841656753880715,5.582364614670442,6.686281266112835,8.808166557581994e-20,0.0,82.15610953238819,117.90910011731232,223.24081042406868,59.96824909105446,28.41483001441304,39.22234490872598,4.304753605052587e-40,0.0,0.0,0.0,0.02645088912472572
57.944,10.179622508616005,80.26774745243931,24.263918541265294,8.715023273879353,5.381185457448151,7.021892882164677,8.073222486737348e-20,0.0,50.61678422056671,2661.319630629168,57.68282969311316,57.955376052371065,25.993587696840837,34.72541660484127,1.1439644618036002e-39,0.0,0.0,0.0,0.0006534024423500296
58.068,10.374521933752298,140.84224836496057,17.63321354130814,7.689163500958084,7.919122713643983,9.12424902617583,5.217954188468844e-20,0.0,96.86645194433802,13684.67138428302,300.795192461222,58.906784724547066,56.98133211184199,79.09142661828315,2.7226814790431765e-39,0.0,0.0,0.0,2.7758725734203836e-13
58.192,14.391127284637804,357.0261490821741,23.751955473948232,16.795663666942136,11.283481236536094,16.738131216681104,7.469717370012892e-20,0.0,53.00288802993683,26412.61703557182,145.8101248446056,132.5425488135995,31.89371641746568,78.92440261695023,7.835545368025838e-40,0.0,0.0,0.0,2.9694671425849987e-25
58.316,13.765355886290314,415.0539986384885,33.1546190746402,22.749412147277,11.421810340645669,15.664840391787887,8.635039434390027e-20,0.0,71.24868366829772,168008.88737780007,73.68964972264172,83.39832366473034,93.78035197111909,150.1785825042413,1.6688107795699698e-40,0.0,0.0,0.0,1.224123054401888e-134
58.44,34.08568091656233,302.8481856003378,98.79858199918527,78.74768517629477,40.5499105202203,35.227580723522344,5.936542285853794e-20,0.0,1081.2158199845685,18600.829008164248,9756.797657814053,6144.060433783722,1515.7158668273632,1133.2635271061654,1.8044865299799794e-39,0.0,0.0,0.0,7.867148181882692e-16
58.564,48.274056727872534,174.85412745480795,146.27063520520935,150.8017372990588,65.55232674624764,57.861250368012904,5.152780076210763e-20,0.0,2023.3030502830402,15227.258407161602,20811.38348389333,21993.013652303576,4120.351331156395,3182.6081507126673,1.6856500314180418e-39,0.0,0.0,0.0,1.7013411718232714e-06
58.688,40.719070928389485,53.04006951363074,131.19986650988866,146.1835551975053,64.69857794336508,56.56528677247784,6.521586614026142e-20,0.0,1657.9990089601133,2776.7043867576185,17052.281675869202,21289.51716086641,4182.119757242075,3146.6964482565245,1.421809653570862e-40,0.0,0.0,1.0,0.999998738187638
58.812,24.762498383929483,47.1569538510994,83.89825629604428,83.94835010723398,46.61337876735989,37.86221222650756,4.882244529190655e-20,0.0,550.7718740886504,917.5034385191334,7031.712499782464,7019.5296434400425,2091.6630542707267,1433.0117871073871,3.434937050562883e-40,0.0,0.0,1.0,0.997607234682621
58.936,19.700549496368986,68.80392778294274,67.59383458681202,58.60662414557868,33.22160007363059,23.426168492411495,2.2567459303840003e-20,0.0,387.44524538824356,856.6275214516312,4565.620250950308,3369.491312705834,977.3944147641422,474.8079922563969,1.5819007771448052e-40,0.0,0.0,1.0,0.7035699583839956
59.06,18.46029918073645,63.83867107442511,61.335568692808316,36.30638121036092,25.617790028484972,17.806470997839536,2.313660002494673e-20,0.0,340.6481474506651,875.7754652535094,3754.648400467411,1207.6685661565307,653.1967997480112,238.1536616840204,4.331644434140836e-40,0.0,0.0,0.0,0.14294346842322872
59.184,15.866142432595609,40.778591918881474,41.90995948534931,34.97056986440497,23.53496045761916,17.048439196919446,3.6914770385659134e-20,0.0,200.4412212257584,1648.011206040139,1636.3558484969976,1185.0447648557883,531.4420733996225,282.4832620163729,9.455272325251743e-41,0.0,0.0,0.0,0.13617570988280112
59.308,17.836786280116733,29.76891192489675,33.931655111224444,38.441565307347894,21.410852848729697,17.656541595559087,3.4507578211864885e-20,0.0,315.1962695300128,397.0446853264361,1086.3141214782934,1462.5045823764956,420.4161099588874,277.5570474365377,1.4022520990810426e-40,0.0,0.0,1.0,0.8058464859665401
59.432,16.623590026301724,20.112767891911723,33.935649585119386,34.61573233320297,20.47626204064696,16.326986489319232,1.711355432627545e-20,0.0,274.48233018422184,274.0610070712547,1150.908333409611,1157.4021140945101,418.16703140376535,249.57093147796493,1.4046378475873097e-40,0.0,0.0,1.0,0.7882057381106525
59.556,13.511723280016474,23.66331357561658,36.29217796770014,37.07400064003461,21.990878842584944,14.267151064288267,4.309271771586454e-21,0.0,180.9202780717716,217.00330017120365,1317.113484728595,1368.7309768484297,450.923904836237,203.05207560379566,1.761479091873295e-41,0.0,0.0,1.0,0.7772457979857317
59.68,12.684279285016105,23.510154655651274,38.923182086122516,36.65244272692278,16.316854265504368,12.053964279418876,9.95063161895857e-21,0.0,158.82252256197847,140.921266815362,1500.968202530706,1343.3206094924906,259.6889570305477,143.95619645520566,2.3885341761682195e-41,0.0,0.0,1.0,0.7115903012902652
59.804,10.510730582481408,11.823243025244519,29.90709973836243,30.197787772642442,10.943235898583138,11.195609897868229,1.378355290802312e-20,0.0,65.18216788003707,101.31568622144596,781.9460063485353,911.7958129777479,99.75624944767472,123.81433744616014,4.98218670254832e-42,0.0,0.0,1.0,0.6262933653701381
59.928,10.987062026065026,18.439952337141612,21.47731872710294,22.139424229025185,9.511656772060324,12.05422685711449,1.0943826077060322e-20,0.0,103.36803018219611,188.73418672682925,446.77240392564283,479.44029105397004,82.60654653000076,144.434950720509,7.118485885776223e-41,0.0,0.0,0.0,0.38996938357060396
60.052,9.634997025909453,36.24764820178241,15.492607364744854,13.34493197491592,6.856203247058407,9.916537355024076,1.2034589797288806e-20,0.0,90.3118998723685,334.805968603329,232.71875239223465,177.83480947706562,46.98231618982118,98.33042392463528,7.991647078188713e-41,0.0,0.0,0.0,0.1174732885554968
60.176,7.222598877024592,32.74888881214483,8.949515910560462,9.505679663302699,6.2244194001272515,8.118475884882423,1.5002721161100684e-20,0.0,52.09388312211244,894.8760485223737,77.69354161492348,70.3455058816544,38.72617093884143,65.13475937842296,2.0290132563094197e-40,0.0,0.0,0.0,0.0305382836138404
60.3,7.2689793098141,11.369760718855169,9.9211867564892,8.471282586062149,5.911350937053687,9.003455889276049,3.0846459084695294e-20,0.0,52.02685258035855,22.051811407981383,86.57933554901241,70.61647126542306,34.94034309022114,79.94626131876147,3.873192563539186e-40,0.0,0.0,0.0,0.19895199734268637
60.424,8.161939470196877,11.071895635189367,9.351627586165133,7.251437355671903,5.7558749115916585,7.165632548660269,3.515907264045424e-20,0.0,33.191817110584296,16.85868804544451,25.24406245081405,46.68146139052852,27.303316887173732,51.31056293941841,1.7102938747250865e-40,0.0,0.0,0.0,0.18721528950920355
60.548,10.314214077396562,14.3037050036939,6.976819101071184,6.390401188132293,4.97232940077103,6.697166147540463,3.1314375839669234e-20,0.0,22.84223737152981,19.246774157598985,31.661572723449382,24.85813286119767,20.21248228174111,40.5581078497197,9.697422839296147e-40,0.0,0.0,0.0,0.15496553302082813
60.672,10.451448202002346,11.937586612658043,8.359647447608774,8.372783865546904,4.838179872500135,9.113156283957492,4.850173591198073e-20,0.0,88.77376311867995,77.4225269928214,49.417278951170246,63.04057382599496,20.302533259610055,80.38851372266271,3.2934656957101024e-40,0.0,0.0,0.0,0.20009204549044105
60.796,16.6652774826194,8.392881259413404,12.56379896942295,10.004965950314409,5.22144859013783,8.233707448751478,4.662401349205117e-20,0.0,152.78881315909945,43.76439861694279,38.54486675691878,97.0934706966412,27.20583339319158,54.633865904072366,5.050147145294931e-40,0.0,0.0,0.0,0.34058367010890356
60.92,18.55897682536017,13.521428720521735,12.113820859195105,8.467826064854595,4.645068383009483,6.936492529030349,3.8256586196578243e-20,0.0,205.11829034696117,176.5097423547821,106.84417143098698,59.70350922999344,19.030854939796107,47.75442994536199,1.3651818350171316e-39,0.0,0.0,0.0,0.2571574115183409
61.044,13.198230731481557,21.523475517135306,11.205483437091278,6.346812265709255,5.4586666715103345,7.487418040604134,5.903243455646247e-20,0.0,172.25350982256347,68.94814613102953,100.27355043681344,39.713512187839406,29.7955070987576,50.49123308111748,3.4007520446651413e-40,0.0,0.0,0.0,0.18851568517081183
61.168,12.022315680078648,21.09394516922579,10.138783531491136,8.086402779439123,11.68400241764289,7.821130745170165,5.482701885706707e-20,0.0,143.89767814615308,144.5213179042383,69.19960827126276,56.429630473285684,90.43812063167455,60.88127655820978,7.195581972904864e-40,0.0,0.0,0.0,0.17308846057311011
61.292,13.8894858516442,11.51602218847205,11.988905645029806,9.901356126858154,13.660947971254956,9.4734122909278,5.189391494738842e-20,0.0,155.48499412154757,128.84086665621606,128.0543484601443,98.01261711358259,185.16886324549694,89.74091702054704,2.396728425931696e-39,0.0,0.0,0.0,0.28720646933631794
61.416,12.727210900043154,7.763864658965488,18.429336578757756,11.081256873351698,9.780371640134353,9.090714123381192,9.127250230575084e-20,0.0,160.5002880215749,59.82214630298363,310.3310509843185,117.74146452886886,74.32588628803315,82.35775021797639,9.712650245169708e-40,0.0,0.0,0.0,0.33026014431149087
61.54,10.920622242502281,10.516884851622443,16.921506933288438,12.4829588405014,6.4391270036867,8.001354228574932,9.085466462213278e-20,0.0,100.6630153657037,108.70966273791278,197.1974300966594,65.26211813276059,36.58292775481739,57.54063867754352,1.272279928301644e-39,0.0,0.0,0.0,0.2841605754583081
61.664,21.021639228469045,27.331114386870944,12.1071476462936,12.703019881923813,5.622039577464905,8.277491383044405,6.854078490900848e-20,0.0,304.32442319882597,276.74941940451623,133.15389470937694,161.35945179125974,31.60630303370013,68.51531761396865,4.6783442614885253e-39,0.0,0.0,0.0,0.2715369761080307
61.788,22.48965434196018,37.05671888880141,16.44480410496088,17.090116953679757,9.56975755215579,10.379637386901367,1.0271787253225935e-19,0.0,236.71163505295848,100.03686042323369,110.92167524231235,115.82578417322074,42.22216693204826,80.12017841616347,1.49597905688292e-39,0.0,0.0,0.0,0.3315574891653732
61.912,18.310634042113108,28.490344661225627,16.241206615799005,21.716088141481954,10.347426083575831,9.406200766793887,1.0224688959784188e-19,0.0,324.2232230869379,570.7783501398808,78.86885332817275,65.9128589273739,34.59891730246192,58.95458823548797,1.487205644077218e-39,0.0,0.0,0.0,0.2929440567072666
62.036,27.800997177806796,45.29877096671015,74.19736525663947,53.315376241652466,35.01698724919485,22.399543959699557,6.054516556617856e-20,0.0,323.6468877762391,1125.2523655266423,5436.522283154766,2832.749795058063,1187.5081567147938,468.65418358550846,3.5460566340315764e-39,0.0,0.0,1.0,0.5490962574713922
62.16,55.37114583875415,83.05671077263312,191.81439385549132,163.68941446360228,106.65025309067846,77.88971828358386,4.9834662879206445e-20,0.0,2086.306219506015,2716.8898720878387,35710.453620664186,25446.319623059564,10988.130686548307,5871.931660822891,3.645963161154203e-40,0.0,0.0,1.0,0.9999999418816401
62.284,58.349132979438075,77.4581538401258,184.55672496821802,165.68813415453693,111.46225944850202,78.61479994533197,4.034712934742009e-20,0.0,3403.709824196462,5639.281922730246,34002.807787111764,27070.408690975943,12396.79404384992,6179.105199387849,1.3078793306287243e-39,0.0,0.0,1.0,0.9999999985278638
62.408,38.818368320529366,45.15893902338346,71.67465985035349,92.70239014807674,64.10291278147905,32.10262065316193,2.7642817199392857e-20,0.0,586.0881787394305,670.1670303975078,4855.143151052775,8192.383665757618,3991.957065919084,907.3121608909867,2.6778020580943325e-40,0.0,0.0,1.0,0.9999979152370629
62.532,34.00336562459828,39.44115200012008,64.81048124529474,84.48681406860379,51.03762271928786,27.823712567306178,3.1473311000590326e-20,0.0,881.9382509499957,829.0281594674502,4108.9070625182085,7028.938390059293,2549.9454884464085,773.8683000899223,9.837734446217881e-40,0.0,0.0,1.0,0.9999613046467132
62.656,31.58100139168558,31.014583991727214,65.52104265951633,76.59994526603302,53.604546007499955,32.5046593223304,5.471538675105029e-20,0.0,960.8044836873439,848.8051756731758,4197.9522212024385,5854.209964224519,2854.947757303007,1054.1399855123793,7.13754607713383e-40,0.0,0.0,1.0,0.9999569684375583
62.78,24.691350444581126,23.656188081366967,56.5519858762524,71.01320818078595,48.62461448020142,30.344320092306138,6.640138051085698e-20,0.0,602.3455587784898,554.4449773315646,3179.313195674923,5042.600891362343,2360.857407457113,918.3455187186279,7.331848222826006e-41,0.0,0.0,1.0,0.9998237995305385
62.904,17.178685756669005,18.96674350494584,41.734154947340855,36.33004482232635,19.05891943364835,16.215098274259418,4.907884282211093e-20,0.0,201.48406467501096,358.63749357918374,1741.5333264744293,1318.9503466339743,342.40900018091367,260.32403812148846,3.1578144838391617e-40,0.0,0.0,1.0,0.6896348227889115
63.028,17.517486876697255,18.91422308660217,40.794266826689594,25.312955278390024,18.73603802764466,9.420990032617519,2.6814738764795538e-20,0.0,187.83610746591987,354.9224169707806,1611.1328578484931,630.804400171302,342.82697588079526,87.49275368507807,6.366262811794005e-40,0.0,0.0,0.0,0.44007806261324023
63.152,16.73814361466786,22.926492016613594,33.700226870540746,25.33657154158997,17.241490116999124,11.833029671909642,5.886755251842243e-20,0.0,204.85657097968513,371.64180767438796,997.7143724377054,641.3316499866694,289.55891884640596,132.68990346750627,1.4103818966966351e-39,0.0,0.0,0.0,0.4805817252898753
63.276,12.830155984600449,23.836449579304837,32.21220642095745,30.777575721819826,13.831881746734263,13.746739037115194,9.531861052278932e-20,0.0,161.50670726626214,320.9117652257781,1020.5527422310162,927.8473895655543,188.50926936444566,177.384976424611,4.073725259856341e-40,0.0,0.0,1.0,0.5285357835657174
63.4,16.888594506698098,16.38605928184439,38.9195840537913,30.59400145395308,14.478003090358797,13.47089028031775,8.758633500348054e-20,0.0,249.15333735937614,206.96952797073453,1508.0221589996008,885.9835713463264,207.530696339654,181.4517823039404,9.179295320451683e-40,0.0,0.0,1.0,0.6397454585932534
63.524,19.156459230611535,11.938679112816928,40.503041716995064,23.38781922032079,11.91395932714616,12.921025023602946,4.692470084635279e-20,0.0,190.06330906692835,142.35956537404235,1569.4184724022252,546.7255321350157,135.01236264183748,148.9281422263654,1.8440701925632486e-39,0.0,0.0,0.0,0.4805345332750279
63.648,13.220736242745692,13.184833538241348,28.23489550726979,16.030129037099748,10.462819638513551,10.342065776949529,5.104137560519943e-20,0.0,97.01606695282722,112.56749274824826,704.4265983026095,225.04069331114883,106.2353971348143,102.09080105590547,7.911347141937741e-40,0.0,0.0,0.0,0.33421999172871336
63.772,6.304977631345425,18.41344058160903,15.915969293232527,10.152104969634498,12.151064032198287,10.578225483607918,6.336884324605394e-20,0.0,38.47350744370194,47.82430275939331,211.61561761788755,67.654626732916,134.1734434525983,102.60067521826905,1.20511833753477e-40,0.0,0.0,0.0,0.19509681615104738
63.896,7.12526823263855,23.74014234228842,11.914526990384488,8.694177387711404,9.3220079048119,9.682032606574028,4.3734613175068435e-20,0.0,30.183213152092055,45.755691624760985,137.88346115475508,73.7136544311911,78.03373559127837,93.68888378810743,9.884902812694323e-40,0.0,0.0,0.0,0.14529082408018523
64.02,15.588482126718894,24.331744758569517,19.30909529121066,9.134318560111435,4.225885221735546,8.530446129399612,2.2683436211734896e-20,0.0,44.506378204218684,569.1748428195363,115.64757493710664,50.24755098225445,17.724987853738163,54.09556935786537,3.6143405012815924e-40,0.0,0.0,0.0,0.0964045804145708
64.144,15.795065346599117,32.17504519749024,18.065204146783866,8.552859257739692,5.426304654547712,10.237656952024935,2.3334974937458154e-20,0.0,100.19422810971915,303.696913511886,174.1879635901965,63.20494859904562,29.437519525640642,104.78766966885912,4.472385866924106e-40,0.0,0.0,0.0,0.12368900472111918
64.268,8.63367618523518,32.32498602693495,7.942555176659097,8.7178139782872,4.932058931596286,11.846730399987718,4.343497584777279e-20,0.0,74.41041437330165,274.9978923550495,51.789367674406954,63.04779023329407,23.28823871706268,80.40932928373826,8.132371015288957e-40,0.0,0.0,0.0,0.08479402112563988
64.392,14.397290904155106,19.47735721950721,12.673512650359,8.8914098336722,5.340895338209295,12.201204232335153,5.247228188258126e-20,0.0,69.4771774934822,376.0345921714554,38.19089400142044,49.93722645417231,26.583790332426286,134.50497847074067,2.293529939005652e-40,0.0,0.0,0.0,0.12998403260341995
64.516,16.475817237809903,11.835030265501036,12.789131140185123,8.73449375549875,5.913942887923768,11.540037391757766,3.9016079368921275e-20,0.0,66.58441898393855,36.314961707740416,103.73650161078753,71.27229755143038,33.140657438026196,87.00168677549462,1.4439275497553156e-39,0.0,0.0,0.0,0.24153533104368244
64.64,11.644064581479642,7.892530903359181,7.291352730945583,9.635295422684276,5.339556259505462,12.46435601314581,5.3831567131607815e-20,0.0,127.79479200849879,17.06078029593047,52.611017170710575,64.89255927464758,26.99148853764943,136.63328737168194,6.903397800878799e-40,0.0,0.0,0.0,0.26776863578147936
64.764,8.176990326379306,10.237950493610782,6.336591472296899,9.096455572013774,5.658360091365257,11.317944855936641,6.138534920333383e-20,0.0,39.63606387541656,26.01207453878231,38.6583745702438,82.72903551584633,31.50500747218014,121.81623445823323,2.701051621175823e-40,0.0,0.0,0.0,0.19557068971580827
64.888,7.577437730623424,18.084048052529347,8.476560231391126,9.827473350043494,5.962441818427992,9.576834663698184,4.2483731103287716e-20,0.0,34.44900199372445,51.17378271243669,70.45365256905158,89.50412754005592,33.407096908232106,91.33885377938711,1.6343143368153374e-39,0.0,0.0,0.0,0.16889257727245788
65.012,9.635109925098451,19.436803762204697,11.263943049220368,9.937516439018369,5.15246123595251,8.586214298360154,4.056447947161591e-20,0.0,44.62188964533513,245.68880301106,73.00078249356231,91.99824822619003,25.165129761253166,72.22695338961542,3.633723920530729e-40,0.0,0.0,0.0,0.14137191156389295
65.136,11.595852527335333,33.43486539173855,11.600914447890649,10.052415265478656,4.6601178713556095,7.313488459823059,3.7133047443068234e-20,0.0,22.59378558974722,665.6722063029988,46.30353428957292,100.56415348791201,21.203489316570128,51.672572576834526,7.032921018207439e-40,0.0,0.0,0.0,0.053185660133149404
65.26,11.35996319920266,37.87084258350531,13.491308866870819,13.217952008590911,10.965217423780429,11.441753763162382,3.8135788736493747e-20,0.0,121.70697773856168,204.539308912567,156.79985862169036,136.785505569069,104.27051650954492,130.58698702558146,9.202802283109676e-40,0.0,0.0,0.0,0.15305286170025503
65.384,16.357392273199185,26.84694121415729,29.884661757102347,30.959995846402503,21.447973799696975,21.70867649586883,4.799094174073706e-20,0.0,152.85414075698364,706.0770112823072,893.0889936018275,942.0222400188238,447.93049148401894,460.3581338858197,1.1857958493346411e-40,0.0,0.0,0.0,0.48084668358426214
65.508,22.41791007782927,28.847576219734318,33.83049535085045,34.52263889093128,22.110467413367374,22.482635180368217,3.3249003516411917e-20,0.0,168.926988225998,201.9275644460743,965.5738534193449,1115.975566387606,433.16784622232393,482.03738154997285,6.1807456539693045e-40,0.0,0.0,1.0,0.7830290548044193
65.632,18.322441247734716,25.224732836598054,36.51528495162106,26.261454838747476,18.622266752311745,19.628495192544616,2.5519399333540894e-20,0.0,242.01944840453777,319.32282029441507,1048.548760547736,504.6917889052694,272.2026938882338,271.76273577441754,3.753966981099628e-40,0.0,0.0,1.0,0.5106904122030852
65.756,9.324436079367317,11.81809070434128,50.15803257758046,37.98869737842853,20.026380395239077,22.104982730078028,3.3037724948422746e-20,0.0,83.43090093382116,138.19955210700374,2349.716136037154,1372.0271802213435,401.04862014186523,487.9927278965576,2.7364961941652647e-41,0.0,0.0,1.0,0.7206240184989414
65.88,34.16719453154797,30.78774421837367,116.14394888920503,100.62180043556383,62.099684266067456,58.04214086872572,2.4052583563441257e-20,0.0,854.5586382867648,785.5905561360186,13261.807657800784,9742.96194331321,3626.354487049941,3131.701763137324,1.9749855295943746e-40,0.0,0.0,1.0,0.9998781284404106
66.004,37.113989858058,41.19504860438189,133.2034383426526,101.22306871024774,69.82070078333568,65.96260196330189,9.385566793461969e-21,0.0,1119.5384569889004,1672.9264946542642,17428.979941173016,9842.384239629786,4854.878448737692,4347.912634669041,8.804730464184163e-41,0.0,0.0,1.0,0.999560564101329
66.128,30.34789276829298,35.4634221324035,108.69380250760787,65.64139645592299,42.22179431918966,40.88085884352282,1.462730015477568e-20,0.0,919.975518605495,1111.0531181187591,11812.50123090352,4207.842124827474,1638.512333092806,1599.0233521297066,1.910562134440815e-40,0.0,0.0,0.0,0.4737929208510629
66.252,35.82859649430044,34.95103422055379,99.25953107951561,78.77129846865616,35.84166168377257,35.088533989758524,2.902880452815953e-20,0.0,1281.9677784339813,1220.7861126458722,9825.539931681635,6153.598897291995,1276.86758114082,1230.3298923537463,1.5461548251753851e-40,0.0,0.0,1.0,0.9659134589747339
66.376,32.220207643930664,39.77393076735986,92.22834508001404,64.87853265852877,47.37646239232169,39.099758783977045,2.743606014643e-20,0.0,998.7750976399145,1273.0347709820107,8505.705744023284,4197.1331404978655,2242.8767804779827,1527.5136903562102,3.703485862640184e-40,0.0,0.0,1.0,0.9686210654788331
66.5,24.442625835370656,32.907527797636256,83.31450383223255,55.32882878617382,43.11132450432971,31.013155352339627,2.7778579224777974e-20,0.0,558.2958038803058,680.197857192902,6910.573403431684,3060.0960074365253,1821.994252465365,961.6691917575814,5.053574233477942e-40,0.0,0.0,1.0,0.9135911289880925
66.624,17.199491432703322,26.772236620517376,54.63412569251054,56.77980579532722,26.090414642944474,21.07791259815526,4.365313512046293e-20,0.0,280.22771425461383,670.0764190175306,2984.473532944754,3169.3182109225245,664.1300927862719,427.2554158697775,8.64113893656915e-41,0.0,0.0,1.0,0.9130287561028383
66.748,17.575099510394843,31.370390115913626,39.58529600050826,42.477459850668446,22.70581138794826,19.716353406276653,4.0012696450841434e-20,0.0,238.85858963289624,168.3626101185846,1531.8966787851648,1799.017689419512,499.7406255922908,382.68277343864656,2.4473706980086302e-40,0.0,0.0,1.0,0.8786991796893745
66.872,16.21168414806493,24.531882528662656,48.84107764210665,29.638472598091177,19.371570130901894,15.128666713751084,2.714862224599817e-20,0.0,221.06114764510173,338.3644823458792,2316.643437404105,812.876368107266,360.88696892762295,211.8589639765686,7.370343139725002e-40,0.0,0.0,0.0,0.4278483060527392
66.996,16.23880944943005,11.17211121181465,43.534093504361884,33.2992034511631,17.75741305383975,14.175586509082851,3.870495647335055e-20,0.0,218.58849912867504,118.40547706129476,1877.1214155548212,1108.8011267083002,311.47266690757453,191.9669418883753,2.2553445963732208e-40,0.0,0.0,1.0,0.7348816492555057
67.12,23.183657157283378,14.308992255742044,32.262753557050566,32.58907887065363,12.064983211061591,14.743899068275843,4.0129625287162614e-20,0.0,131.9709928868842,93.32707874891868,906.6606324330602,1047.5608501118502,145.54535593226166,194.3962265625702,1.4400305402208035e-40,0.0,0.0,1.0,0.7594330644938911
67.244,20.14532817338664,21.54994207740326,26.732220993185432,18.588974752341453,8.22382220571584,11.920571241781158,2.4518755910608494e-20,0.0,165.13725545709312,95.78762789726575,604.9194493459169,345.2761930152766,52.4103638258452,139.3203840845287,5.242801296811203e-40,0.0,0.0,0.0,0.41360265126643275
67.368,14.403777248888373,19.486453434373825,11.125904287618159,9.196465845552588,5.2863073066651065,9.591060350142946,2.4114486446918332e-20,0.0,181.53105673601542,212.86481351153697,116.51884646229455,83.62813299175312,27.377791974507094,71.93259785144396,1.434401217509767e-40,0.0,0.0,0.0,0.19366666611350686
67.492,21.478894345763752,15.933648434509402,12.208408946257997,7.989959843191723,5.815489660683111,9.976813570096992,3.0597586232850864e-20,0.0,72.80091600180532,189.25487431882263,40.17918514097782,59.473754646295305,33.661528639148926,96.58200373173406,1.8829383386277814e-42,0.0,0.0,0.0,0.1993066768699246
67.616,18.62546107024494,16.707363456448547,9.855171528862783,9.616537934240881,7.1810669215875915,10.524803310826083,3.1885096824574696e-20,0.0,188.7214022650686,68.7212796403117,59.629302936280034,78.85438306484548,51.14985130612814,100.35929077402777,5.373271854213804e-42,0.0,0.0,0.0,0.2807673469073894
67.74,8.743325418873697,9.735777383821416,5.836832923229655,8.341556068811812,5.597182149818796,9.636118766050735,2.600957591499642e-20,0.0,71.17403731440764,78.17279693264024,33.11547769864901,68.32856362270797,31.327932289326586,85.50744847471233,1.0559008032084357e-40,0.0,0.0,0.0,0.1861423796103715
67.864,10.043585613176525,9.494326117953614,7.878822732832029,10.817969189206146,5.5760767499343,9.137152686229323,1.2153660317638397e-20,0.0,71.88610566964344,87.84783780923324,59.283665032579705,61.376361153773104,27.206375272930615,58.408812842975834,1.1630936119612982e-40,0.0,0.0,0.0,0.2208293947881886
67.988,11.892151341760613,9.132419964650131,10.81245164276589,11.42228390454448,5.922971990095273,10.294616031500635,1.986603526242325e-20,0.0,105.00495299273489,68.81184300083166,116.31645181269047,123.23376340168798,28.188703670761107,102.36424414070032,1.862478291206769e-40,0.0,0.0,0.0,0.274307983575482
68.112,13.620176668914882,6.704835635059937,12.971741320855354,8.277928081486317,5.820318214374431,10.856545051772242,4.7995544969734357e-20,0.0,100.44526326668799,38.77687388737328,75.86278900596265,60.691884755396025,31.64653275911635,98.77014612005006,4.243199749128835e-40,0.0,0.0,0.0,0.2743153789418838
68.236,11.057046446509077,15.218238154568157,11.641327087338606,9.948879173062265,8.717910006586319,9.873789472635403,6.335515398522206e-20,0.0,76.19811986719871,73.23775146672705,89.32620790057959,72.3867589933366,53.27727714854205,90.72427201783005,3.624501964810356e-41,0.0,0.0,0.0,0.2111535507271727
68.36,8.994482884865848,15.276233006431454,8.46753613088179,10.21350217452054,7.6003302683952025,8.964245547405636,5.468272181956165e-20,0.0,68.83174548893987,130.93733620389236,63.263969152981126,49.3642359145009,45.15503051569356,72.78014243125531,1.676224484040315e-40,0.0,0.0,0.0,0.1754458848169196
68.484,13.481634298620204,12.111463692790888,7.4259597297891355,8.96220392977784,4.58447175323257,7.3625509446334725,3.35857331425998e-20,0.0,22.65582680843736,109.69642111883417,55.13005384597239,76.60440939088953,20.756394341883414,54.197233227311564,1.5090930497845531e-40,0.0,0.0,0.0,0.17867274038114095
68.608,13.956859064741328,14.257445284344685,14.571301808029025,13.648260543267728,8.044277816537813,12.59515454632974,2.872980120827132e-20,0.0,21.503545071107414,40.95514919398597,126.00536993439873,143.00728864046704,34.575655748089325,102.88722871412332,8.208102708915241e-40,0.0,0.0,0.0,0.267208933168555
68.732,12.346038916290244,12.560820566359196,26.87284707518522,21.479038663053895,13.37646447344815,14.531530773657817,9.059879399296836e-20,0.0,26.942285454882054,53.91157579144868,159.6392976405559,157.06112823237413,49.04320829078982,78.36113069049763,2.909330577812539e-39,0.0,0.0,0.0,0.4513484719269956
68.856,12.075784246630953,12.945827281782389,37.840367111894565,33.15975921016161,16.60258738539841,17.396832137895778,1.4544325338483015e-19,0.0,139.58487059664537,114.24044302475289,544.833922849987,596.1633061147974,197.90331933513423,271.425822139622,8.613875374859407e-40,0.0,0.0,1.0,0.7917228406174719
68.98,63.39599026857133,57.58705755722151,110.03789262945969,97.02514867015148,48.079985173115226,42.80678501037686,1.3123219327544105e-19,0.0,2339.210978690582,2450.7625924455574,10280.2838042542,8291.559775773054,1769.0443641983286,1412.31908601039,2.989637182555757e-39,0.0,0.0,1.0,0.9988174926818632
69.104,66.51549410560104,61.01153482382258,126.173169869098,103.79902618170453,58.884916260903395,43.94014143793042,8.531659369944747e-20,0.0,3242.8751065024385,3160.4294871011934,12752.48857370811,9490.386191893409,2990.694234043599,1590.5656414445352,7.278411454254853e-39,0.0,0.0,1.0,0.999914040446238
69.228,37.28759727613024,31.59267979862952,92.2046711374347,60.11544400569337,46.72191833739319,29.037403742449246,1.286135559895667e-19,0.0,865.9920283149798,475.2287092831668,8213.742536743977,3265.4853257459417,2049.398610257485,746.6027856516473,2.5900350758272928e-39,0.0,0.0,1.0,0.9718624322748026
69.352,36.05445857404202,26.361099654073794,82.9656319905726,43.46793745597982,40.849127689354674,27.91812742449404,1.4928413013349767e-19,0.0,347.5247437139253,409.8497649731398,6240.049135153991,1594.9794544364283,1452.6055267944353,611.028219948178,4.379921361834212e-40,0.0,0.0,1.0,0.7111731592627608
69.476,25.073565585202978,19.388178720539727,72.37977150816639,35.08806323847929,36.876158105865294,27.447507181042603,1.0465191569358402e-19,0.0,440.9239424894089,372.2583142510442,5014.479602434176,1201.0132190236277,1292.0113203288588,736.1321315296714,2.3133457865285475e-39,0.0,0.0,1.0,0.7410445152835459
69.6,19.003053103569947,16.0891820919011,53.2449831467353,38.644332088042134,27.03124839816251,24.354265202672018,4.949266030263345e-20,0.0,357.9066052181055,244.39538417489783,2825.383952861489,1491.4568304036325,728.9962029890393,580.2332365921288,2.3811027158158997e-39,0.0,0.0,1.0,0.8632049446146439
69.724,17.930356127014264,17.77804778215871,39.46819604326088,34.01755046068392,19.163969248297533,17.033643760357762,7.300753107493827e-20,0.0,258.4299093494945,315.6676916689172,1554.389654532504,1153.728539332174,336.39895835534566,290.1103532878343,1.2207745907432288e-39,0.0,0.0,1.0,0.7149729157633835
69.848,16.777592888359074,18.620416201595145,41.01880372615154,29.371811687874853,21.020877973545943,16.579150090806735,1.1281797776020498e-19,0.0,247.13466553739477,332.77318684415957,1682.3567301417174,854.2638041789713,429.60471947891426,274.16970063629213,3.937237418119914e-40,0.0,0.0,1.0,0.6053166158158026
69.972,17.94232792488566,15.733617394250379,42.76418720738453,28.450446371363114,23.944463955281723,12.939727281489633,1.1622072732169391e-19,0.0,208.89814637050563,208.1301628877102,1692.6213393858736,787.0980951785543,559.883188759374,138.28625701309574,4.87764921778046e-40,0.0,0.0,1.0,0.6842950579552788
70.096,17.96020784575905,17.166363550809844,42.124339905400234,26.389495424705263,23.412706743290308,10.930031693099803,7.659861615755784e-20,0.0,217.78202159398379,279.85136976935513,1646.0705299020597,695.5218061882405,548.1322023042095,109.3543797607156,3.704062612508857e-39,0.0,0.0,1.0,0.6134334898688519
70.22,13.163994572494707,15.060436553358675,35.29698970051195,25.930324977428473,17.5984777254683,8.910156667586232,7.480866834192883e-20,0.0,167.62026401552134,209.58717630834883,1225.5758715824081,659.9495484259382,276.9692175185513,69.89712448438449,2.8146674619481218e-39,0.0,0.0,1.0,0.525774085696172
70.344,14.800465938018643,16.79397159299427,30.410783492957567,27.348408026618113,15.8180206958597,12.582818561311308,1.0970253170741712e-19,0.0,143.66753022715272,269.7699963829553,851.3340236752875,747.670830245147,237.8272768727757,154.0359588956113,2.5892152452665567e-40,0.0,0.0,1.0,0.5552930053058557
70.468,16.83497859964205,18.201863604898243,27.632841304271754,24.412802590007505,13.668969643040613,12.520058075772322,9.973069414641294e-20,0.0,109.53692550204094,327.23827180741654,735.6931717001104,592.6628057584558,186.75307138804004,151.292751527004,7.10369891332584e-40,0.0,0.0,0.0,0.42941448159650314
70.592,14.588161090111821,15.147815998276979,24.137546976546453,17.23105461356512,10.146402458630638,8.101929402338875,5.544635916503101e-20,0.0,101.93175008865758,138.7777047945922,570.8008947173247,273.25675802489377,85.63787792895936,61.47710980442099,1.464530024372583e-39,0.0,0.0,0.0,0.3355964288229775
70.716,11.071740142884845,14.839826190571811,18.62097770699454,10.38915153905083,10.562459859383198,10.38987660574164,3.1881510310990686e-20,0.0,114.5647687882945,220.00724898873398,339.5206043966002,107.37625027108109,93.64827559489994,107.08393779719816,7.390893390049688e-40,0.0,0.0,0.0,0.2007999700466571
70.84,14.566351546895012,16.278890867757895,15.58757053362186,10.77255661941275,9.071277634796424,10.38744347415697,5.847373744141711e-20,0.0,55.548435947417616,60.78171244042961,230.69121854189865,74.15459565416568,78.9405812437854,94.2408721703615,3.2996866629573747e-40,0.0,0.0,0.0,0.23053495106768215
70.964,19.939009469577954,21.816030953095648,19.502182646941957,12.930199690120544,8.542350157365263,11.292887109440192,6.977111950434004e-20,0.0,137.17526981021356,466.60844341539985,159.82056294876045,146.939223325036,65.66878753860772,111.46382818304497,7.743747866907954e-41,0.0,0.0,0.0,0.1995057644023804
71.088,18.060385003656048,18.811792706035458,15.84601378006596,12.077714788822453,7.246053212260807,11.06728833593526,5.2333381154896307e-20,0.0,303.4222957392632,312.1646134530041,185.39771577316642,141.2224750889027,52.49233501751419,122.30653025556968,5.470412676044471e-40,0.0,0.0,0.0,0.2975092041029094
71.212,11.841591097026024,10.419735363007115,8.21987914930185,7.084436917837893,5.4846857184368,6.883646007347325,3.147665279361973e-20,0.0,72.94170087339495,107.21778301030875,35.00668816396374,40.936616239658235,28.183344483505135,41.74499897057484,9.895009697965017e-40,0.0,0.0,0.0,0.18323256063859458
71.336,12.162772443585425,9.557015891773455,10.160924377549652,5.636406572022817,5.947971068531545,6.89651341918734,4.4284775135688274e-20,0.0,39.126357357190955,91.19427376566624,22.406875976219577,30.491089887978156,35.22452172325361,45.25184086888592,2.9956618486006747e-40,0.0,0.0,0.0,0.1759616597625214
71.46,12.144470815602045,8.386622597656403,11.17581934551049,6.750424216734885,7.291097273682659,7.64923965223769,4.0047719413010585e-20,0.0,24.653802194458127,24.981881224683768,21.281775294462854,35.04502188959848,52.60070640046807,55.37842048776512,6.696541180260038e-40,0.0,0.0,0.0,0.21201013858667783
71.584,14.335751823960743,17.686526627501397,11.140489729178345,9.228211269236283,7.547125286159597,10.614661150355285,3.420348643968572e-20,0.0,175.0567332101753,262.59592065565187,71.38406424357574,40.81423300351401,49.33541827261469,76.19720115024559,8.65386733447207e-40,0.0,0.0,0.0,0.18608922317395787
71.708,18.075065068891146,26.316324622775152,12.234090938155802,15.05042021730916,9.777770056359778,15.835476797948159,3.859156163000622e-20,0.0,269.4193677057862,589.9724409133887,133.22583688840427,208.51308671312037,89.43980605930307,247.49825748288308,1.987309044446486e-40,0.0,0.0,0.0,0.193491117025398
71.832,15.152323401060183,21.09753382273126,14.952485197224261,14.710889785120493,9.420478539678935,14.43168866362841,2.901186985305069e-20,0.0,84.13580130722707,215.91968206778694,80.79271158998667,71.74764270118928,43.95346338410834,111.05013845318905,8.33011154282361e-40,0.0,0.0,0.0,0.22183694929526562
71.956,11.102881606761803,8.349141136600583,18.19734880635328,10.442103204508266,5.284573164367824,9.026172789915966,3.221435927697953e-20,0.0,29.20113589001322,63.958016754780445,110.5730184868598,72.18790981571993,25.184681507342933,47.71665399196546,1.2891743685400639e-40,0.0,0.0,0.0,0.26962568893604066
72.08,12.561912619055814,13.252095465970307,15.676428289194599,9.747622171576225,6.125164358857805,9.73499131936016,3.1653699356734283e-20,0.0,138.52410159338535,34.63455908693922,144.8332541202135,94.64140803986318,31.06556578223387,94.20508848911855,5.507951133948879e-41,0.0,0.0,0.0,0.28602101827424214
72.204,17.707407249881033,14.0609149123772,15.634623640542916,11.434961016119633,8.02771099101096,10.98311563997109,2.0748287732909056e-20,0.0,172.1170525702652,70.38053371029063,185.80816796130026,78.74053427260091,53.60663904361784,78.13253784081122,2.330530876270398e-41,0.0,0.0,0.0,0.31734384591478154
72.328,19.91950043676887,9.186035601402889,24.26700468606216,15.220545365604696,9.223394162920522,11.578858263082683,1.2833197557592378e-20,0.0,33.55688290075134,52.79233506292495,98.34289145101629,95.86776233372788,60.34336774326004,84.94311198881356,1.0908494663945115e-40,0.0,0.0,0.0,0.43349112874068585
72.452,13.559871484801377,8.716143576291062,30.445599103879985,21.430064339895907,10.44114873979996,11.95078684889439,2.0932500873247407e-20,0.0,86.11808754998289,75.0206153573463,86.15286618680422,102.1759907425239,39.47238862528521,86.50929847446866,2.2185011387767935e-40,0.0,0.0,1.0,0.5736472341541976
72.576,41.643392858764706,49.03453853362989,84.54151260447664,80.12057159061148,41.562969489305175,31.799003704131113,3.424042797320214e-20,0.0,1212.0911448978804,1445.6050555337365,6867.933197707053,6096.941671499405,1617.693687779453,910.7333049024074,5.556581021124917e-41,0.0,0.0,1.0,0.9952359214084214
72.7,50.65136992049107,56.714948286550495,101.85836993983784,94.56858420345702,49.448798006161326,49.51906767487672,3.3906478477966804e-20,0.0,2075.525808298642,2342.693546681584,9109.749784020278,8042.135562416603,2193.784253691137,2353.451114552133,6.417021719775397e-41,0.0,0.0,1.0,0.9996794142429296
72.824,41.72913103493156,46.03355050817557,88.89269492641367,73.46351832334189,39.21316351512608,42.88023575440149,2.223954408040009e-20,0.0,1524.4363217445116,1633.0732189218388,7860.1383728359815,5202.016299881877,1488.80515922181,1753.046541565452,4.107263701638641e-40,0.0,0.0,1.0,0.9878297516724354
72.948,31.834009787366217,39.54023386118972,74.27077020326236,68.04760361382415,33.29528015744906,26.68491545268883,3.320452182577922e-20,0.0,864.2669652456728,617.3212864923815,5396.219928535898,4481.864030787018,1052.206266909099,711.6331867941976,4.138067966692298e-40,0.0,0.0,1.0,0.9877237086612992
73.072,23.28414981387068,24.004813139726995,61.62942317623192,56.189108015694615,29.676196076614435,27.23707291446174,5.135040648239506e-20,0.0,509.81836637986527,467.6312995245201,3756.1861311425055,3115.470640172311,877.8362613988859,658.7289384394473,8.543254899018666e-41,0.0,0.0,1.0,0.9662044334576101
73.196,26.070441952631256,21.83057300051799,54.59679279001649,37.940690892602305,29.56610837453491,23.034583583388486,4.7032410238942506e-20,0.0,666.570603261024,467.27235044177274,2934.255632837512,1438.1997621220646,873.8855598680847,530.3340510120105,2.389538449698346e-40,0.0,0.0,1.0,0.9093642024273275
73.32,18.851741128993325,21.971956796258887,38.02040219923194,27.677777498783165,21.22175547020149,15.345055421272338,3.0759713859533057e-20,0.0,341.0388963342313,312.01180149667346,1348.8204090970323,736.5011518368927,445.72826735709,178.06886805731736,9.162454923270667e-40,0.0,0.0,1.0,0.6625411485492343
73.444,13.66275254913137,20.181476364243473,44.25134846816474,32.01064864262134,16.831812581186686,13.106743072821402,6.044764901989612e-20,0.0,172.8991054161713,323.1090029921102,1782.9788950107952,1022.3894576232075,279.2257587923115,150.59646594167364,1.1244199265680664e-39,0.0,0.0,1.0,0.543347430626579
73.568,15.417728422909608,16.560376088120808,40.867822284223095,30.94956931087144,17.59203672687436,17.66992814312651,8.511081383521816e-20,0.0,235.66754773549653,270.70256378714157,1608.2770792984768,932.624281671356,307.845974592348,308.58937660021894,1.62334662434528e-40,0.0,0.0,1.0,0.6409154689854029
73.692,18.931178608170423,17.974044440257998,38.99711817070803,37.07083430976158,15.597333914429283,17.671656620680732,6.719313795592075e-20,0.0,318.8883044126735,272.1796180274871,1498.753086500027,1321.6130139170132,234.470379255108,276.4861280536663,1.5963792186700214e-39,0.0,0.0,1.0,0.792553964559779
73.816,16.764144367477453,17.66984821707825,41.5677176432399,37.08987575977261,14.569409248893542,15.236321533593456,5.44854687702395e-20,0.0,258.3902923455218,310.7387565532305,1526.3978931171728,1138.0042727574496,175.7558618143887,169.98543180582118,2.4167056887103143e-39,0.0,0.0,1.0,0.7155073009211942
73.94,14.21567420978318,19.487374143617906,31.72877104552615,26.40677834144943,13.339483582238708,13.59755246461792,7.959286233987872e-20,0.0,154.66794239077666,195.4813799261857,987.2258751889207,695.8361770608763,174.69857373399725,181.5971888383086,3.5847193244475525e-40,0.0,0.0,1.0,0.5121984978382387
74.064,13.984854868278525,16.83253465909459,16.210155877368955,24.352747724243418,9.7085070301448,12.388880197109355,6.715170922252866e-20,0.0,194.56883383123687,159.0431665994882,262.72242928240206,475.8706491820756,65.21451476076894,132.5773152412604,1.27263787902153e-39,0.0,0.0,1.0,0.5085966119113832
74.188,8.851353185393068,6.3858285413965445,13.977867855076607,16.431161417800265,6.223245335143107,11.352400281931562,3.3036334717556984e-20,0.0,50.703307701710486,29.7671679165631,194.99018015244775,222.09966916226946,38.1057949610689,128.6055916213031,1.0856307460575213e-39,0.0,0.0,0.0,0.3597016934348183
74.312,5.652127169810959,11.206133318942394,12.49830413371363,9.338618432444854,8.550724024397976,9.3093324715429,2.8725559448500954e-20,0.0,30.27109565175203,89.47422204054195,154.30372606550623,82.47619236045085,54.21297579421159,83.65738215719429,8.923544784910384e-41,0.0,0.0,0.0,0.17839208140942006
74.436,6.308043817942108,12.92864530177707,8.940592566894553,8.80196633370066,8.686505769819851,6.954661887074907,1.8188137529809927e-20,0.0,37.420028489387775,61.08709807690115,62.40222958895488,34.37826788521084,67.36285159580048,42.044253166421804,1.476202025188669e-40,0.0,0.0,0.0,0.17450433963363088
74.56,8.055324518730117,9.955693548786973,11.671969794846133,10.905862771535357,9.275122693568221,9.525606943768304,5.738205174172986e-21,0.0,53.18595118945754,60.255033148270435,114.01548146856075,112.01646169545232,72.38724384615584,89.2100833266971,6.007264005939033e-42,0.0,0.0,0.0,0.23540905173271112
74.684,7.980254277466577,7.340813504639692,13.393029141479941,10.872300225296097,9.44051735510985,10.409667585798463,7.614942929347708e-21,0.0,56.56535208229793,50.41396217966235,174.55924102946614,118.00335105370729,84.85458149044761,105.03846130782493,5.705885984418363e-41,0.0,0.0,0.0,0.2567628611671982
74.808,6.456303574565173,7.5198644982674026,11.56278960895444,7.216117073850779,6.7398453863004875,6.7947562156476335,1.2160620432036679e-20,0.0,40.76177231156639,27.433162340750375,133.21178893431176,46.212867047347785,44.519972623476775,45.17704590124906,4.5506928839250475e-41,0.0,0.0,0.0,0.193906330531997
74.932,6.462939696346786,8.875226979807284,7.3888722633637425,8.348428416123756,6.773200499945444,8.689491796889877,1.4028520481600636e-20,0.0,41.455138923458485,25.169626241239715,54.5225015396044,64.2224844426032,45.87454313431703,71.15498910052112,3.846763267491718e-42,0.0,0.0,0.0,0.19153529068243497
75.056,7.125218023132674,9.657075521092514,6.081806462068495,9.679160284118256,7.044179623786452,9.15364252795894,1.39530538795459e-20,0.0,50.6135766302854,29.32681086574992,36.23891171677876,86.45833527652651,48.659424409521414,83.56146672812937,1.0552984925476952e-41,0.0,0.0,0.0,0.20549347827444325
75.18,13.028825450250967,10.239101499338643,10.860340344960594,8.084463778479385,6.6953590155232146,8.11188331783792,2.3676391246941145e-20,0.0,96.3612434389806,84.1898230903354,57.90675884418132,65.25083830548844,44.82195093954618,50.994282136840496,5.375173957321704e-40,0.0,0.0,0.0,0.22779127089492107
75.304,13.086943655149556,16.31720962799693,12.580424398253612,7.043411232288942,6.815243050525263,8.062376234595359,6.282557171839249e-20,0.0,105.66958274282665,159.3811605193384,89.8395953378514,24.045683476448115,36.44772857475348,60.23919459432037,1.093394379425248e-39,0.0,0.0,0.0,0.1722751069941498
75.428,6.345726456933408,21.25343697231274,10.353641318963433,8.991965233854662,6.334568792988003,9.033224301291964,8.344213864024863e-20,0.0,40.26824332417501,70.45969224794165,106.90042380320645,30.457558930430135,35.14519630084575,80.96043341673547,1.816149666372228e-40,0.0,0.0,0.0,0.14377334517391646
75.552,8.149431891002884,16.657689669260595,8.69471322106019,10.252153953463559,6.377467914742088,11.055637493934306,6.341388339463587e-20,0.0,44.75948488019775,237.0583980075196,67.38825112380779,92.26385227964882,39.74677615008608,122.21641992425752,2.5098239967279186e-39,0.0,0.0,0.0,0.1415322567511334
75.676,13.17545813093029,15.784459263813458,9.555346628633231,10.408261243408159,8.403939730340356,12.129674784675968,7.910178306196735e-20,0.0,48.66254320931113,81.54384085425178,76.93915372539095,96.03162512490069,57.81600373421655,127.55911055105963,3.292122338240061e-39,0.0,0.0,0.0,0.20111843500534615
75.8,18.59880127857201,19.148143267019464,15.001160330435932,17.343460199697844,8.654126325222345,10.971862670190166,1.218194226143025e-19,0.0,53.97226892148644,21.24819272787697,104.36011850923057,108.58122737022704,48.8235521717885,76.33115853573838,4.579661156038124e-40,0.0,0.0,0.0,0.3487723476549949
75.924,16.083971187211894,16.984261039609503,29.636780769288997,23.251685753830085,9.078140577861829,8.094352841526844,1.1547769232998202e-19,0.0,92.65226699428234,23.573578232537752,230.50188745017417,30.47122310319556,40.701069634493905,26.848423358388377,8.830128737036962e-40,0.0,0.0,1.0,0.5537119567909823
76.048,43.93748954805002,33.7535501643693,88.02259643798683,73.02987736254272,43.0857179473132,42.14941623909764,7.188416155460024e-20,0.0,1383.6345055126064,1045.6307574363202,7720.117360666884,5138.797699317114,1737.9283652582078,1601.2168718072082,4.175725810642954e-39,0.0,0.0,1.0,0.9971188036697448
76.172,55.51435798768678,46.87012216805346,107.4338314654313,111.50482067550341,56.25985133550711,50.731667575409986,9.315061962613929e-20,0.0,1241.3622605787334,1324.0009711790651,9685.416892910105,11174.545910604607,3023.9549757729224,2385.3702149145947,3.2052865882941696e-39,0.0,0.0,1.0,0.9999940296840738
76.296,40.22261127164425,44.474355032967985,83.3607717475042,102.32016327425274,47.69097893993122,44.41134678793151,1.2322874241226694e-19,0.0,1558.2389930144043,1925.8175549817042,6475.472096199633,10387.487104674101,2247.0451500871372,1963.9122811314103,3.0396869746280294e-40,0.0,0.0,1.0,0.999984800602717
76.42,30.900929678453338,34.53675709182544,69.59031024104326,98.39257898886483,34.62049478413346,43.06206287414052,9.274731361365425e-20,0.0,459.3684099198386,1066.8387147135606,4774.870375603672,9585.611825910004,1196.8718662460876,1813.6420563483139,2.1435241622544016e-39,0.0,0.0,1.0,0.9997884346860115
76.544,33.29198688774472,26.134961992202527,67.69885975304503,94.3837624481197,34.08652602770326,32.00281670434031,4.073652141433045e-20,0.0,309.90212328846104,526.2917490216012,4103.7878627706705,8471.56326902469,1160.273474449258,931.9461976282794,1.638371218754058e-39,0.0,0.0,1.0,0.9998104317138109
76.668,30.545218551042744,27.42966221178079,62.59888648393125,64.01892824072462,34.086629114876786,26.059552618501606,3.358645128138712e-20,0.0,687.4590160061313,747.5129732067184,3655.536418386686,3979.3512820581286,1161.8443487330455,679.0215953422729,1.0661706489331465e-40,0.0,0.0,1.0,0.9931224504613942
76.792,22.067955208363358,26.918417287215348,46.179365674824524,45.151880902657474,18.223233700811733,21.83502418986076,2.7037896741101618e-20,0.0,462.04078089613614,550.0096859806957,2089.5612320594305,2029.8180395446275,330.99491601265055,463.47622967195895,1.071027111950132e-40,0.0,0.0,1.0,0.8608594712597081
76.916,18.14089250203187,19.081331203931487,37.45774546811446,32.1118164868435,13.725962757886794,14.620057578056125,4.0831862320076844e-20,0.0,121.60292035171409,179.71839375838928,1400.7259539490244,1015.6170898865487,124.70957762959787,208.02050377623735,4.556830024104153e-40,0.0,0.0,1.0,0.5801396537456426
77.04,22.947733643902502,20.190408448260087,47.42732551052072,37.959258653009925,17.78863391241405,14.693735438561193,6.934453137929315e-20,0.0,234.7945967963298,396.50047085212725,2210.4171435392545,1431.4703305327826,306.995779113939,213.9522986045676,3.1260246121621748e-40,0.0,0.0,1.0,0.6797223490889517
77.164,20.997620629818986,43.19764844876315,48.893157177920116,34.70351444339009,21.226444057047928,16.191350101702795,6.786365285610406e-20,0.0,369.7884376524365,645.7836825310881,2311.7495491157374,1204.19281166179,425.240512588784,233.19027245259238,4.226811189472839e-40,0.0,0.0,0.0,0.4441246244795992
77.288,26.892748858287078,57.18099729196658,42.904339445048834,28.70708765795671,19.679663079354533,14.62811574552941,4.176742048510882e-20,0.0,530.2715650346921,803.0518182098597,1760.7123800291204,801.7038074631034,354.88249052748006,213.14338491517606,1.5526930870352176e-39,0.0,0.0,0.0,0.32181172629563654
77.412,44.23530192737151,57.87608322040695,39.80139896199476,31.52935254886842,15.115525542413856,15.722102676982601,6.026719686589787e-20,0.0,1007.5400957260558,3063.7045306332857,1579.6176985877823,992.4069766284701,227.4972508554782,238.41500141418047,1.1500965585597182e-39,0.0,0.0,0.0,0.04548327518631213
77.536,77.68990335763397,158.75668018113174,37.89624161147369,40.886354725642164,16.000984441865153,18.604782309646783,1.0084485745237168e-19,0.0,5435.347661454073,12535.713533021766,1422.716014144306,1642.0479315548355,254.20755211417114,296.64937293371383,4.946244582393456e-40,0.0,0.0,0.0,5.813618573077511e-05
77.66,72.53897834462404,169.86205210121156,25.19436369249517,32.8803468379773,12.641093485954574,15.779999871667405,1.1188293230945903e-19,0.0,4627.5243945699995,15704.469780022717,618.4787687448975,1043.9201074280063,154.46975412004363,228.0369665139267,2.3287288476091725e-40,0.0,0.0,0.0,9.898904402391446e-09
77.784,28.99505395663772,128.07015061234395,15.727463478757384,15.041358294196392,6.279379598572036,12.844579827431751,7.832690288698662e-20,0.0,104.8016833098362,12000.471487364623,201.25593995732558,222.75752051740855,37.98782600648801,136.51653841128032,2.4384811921618025e-39,0.0,0.0,0.0,2.125884637011711e-11
77.908,18.605033112124886,127.78551469314901,14.27615834811899,15.460097997993625,4.94212731905826,12.285804448126607,5.640273878140816e-20,0.0,158.40225440478883,1150.080459804368,186.23719200062936,129.62889677925574,23.14249959462596,77.09863145289461,2.5144261449411265e-39,0.0,0.0,0.0,0.004206885876368028
78.032,13.180665301376314,74.64168369853064,9.346514410960351,13.780143866094324,4.995187862303666,10.49392506793025,1.0141262330547452e-19,0.0,158.15742007482578,3348.670395912185,83.80333316245509,123.33972364819016,24.856173253930116,93.56760407185658,9.99451236337969e-40,0.0,0.0,0.0,0.00026900894193475724
78.156,16.94045514096508,40.53904980824796,10.094780576329535,10.453338065058185,6.654439538629689,12.401731869370893,1.2920826705911767e-19,0.0,117.15599479191414,956.7874343902288,40.0179631611901,108.088496600581,38.56789977169833,153.71632574470866,1.2001389442204033e-40,0.0,0.0,0.0,0.03675069686609624
78.28,15.131677270240681,58.60906079471128,12.716095847685345,10.442243776428532,6.56152764160646,11.582496401744569,1.1108520107395792e-19,0.0,133.64497705318928,297.70230987474525,36.608870760422406,87.93465902222458,20.826954849570637,133.87653033485614,1.0966481490938186e-39,0.0,0.0,0.0,0.07402220901015844
78.404,10.038480418676306,53.399548070305464,15.857153651653634,12.255699084519192,13.003097088768328,14.58702912479665,6.097978611889502e-20,0.0,99.52374994559156,931.1964068938385,251.37531561169988,45.46149977086341,146.30718428126175,112.95408469142447,2.572246266016566e-39,0.0,0.0,0.0,0.02574580615075216
78.528,10.966163906393067,33.61155253106159,16.289373751534345,13.983767131354524,13.441037300814674,18.517890331512234,7.001492581469455e-20,0.0,101.85723064345822,844.78304284061,83.90598555007692,108.52031121272019,90.83094119308082,135.71369327291453,2.249375883919114e-39,0.0,0.0,0.0,0.058777718060797256
78.652,13.172946141144095,24.563422702382738,13.897320726581325,15.091724575636768,7.874818343933438,16.814054427673796,1.2160380267869768e-19,0.0,144.62192262251855,586.4411054667893,179.66994439084596,205.33204514277378,59.302301718852725,280.0987206954155,8.77664035818301e-40,0.0,0.0,0.0,0.14394918231401105
78.776,12.066164498010124,15.821963919235401,11.855952690902445,14.096015273580736,8.844439752033484,19.721755724315905,1.3819259652766966e-19,0.0,131.12649666065016,65.64462903266305,132.02084802089553,42.866173472246444,29.2037466301566,87.62361412183782,1.8003252455868387e-40,0.0,0.0,0.0,0.24596519869777203
78.9,7.989846923957845,41.33353177179568,12.546335730245673,11.754209768947787,8.255233202329691,18.341843022370327,1.019938829789907e-19,0.0,62.030660033329,847.3055633119361,116.78183086685641,125.94241598114071,65.9303976415781,199.3856071258751,2.5390773833299474e-39,0.0,0.0,0.0,0.03432859875167985
79.024,10.209663482185555,57.5361390525747,16.91130100380317,12.09411681152547,5.69322314399877,12.240581094330047,6.352308774954848e-20,0.0,94.54791029420477,824.5854856705552,281.30168608662945,134.91979200123728,28.651589300943357,132.8377943893582,3.9398787540176005e-39,0.0,0.0,0.0,0.02770269372987245
79.148,10.576601081015395,48.19173655125738,21.300706574291382,10.630045215317839,5.7139852258222605,12.546291181292549,9.925989390404082e-20,0.0,111.84338073661901,2052.0104265967793,85.94180853633057,112.85066007941437,30.45537988656128,69.66180350356778,1.17141683477433e-39,0.0,0.0,0.0,0.005156403044203636
79.272,11.557877733955817,46.40407960949867,20.46971465509136,8.264819815581644,6.067939922130006,10.295408277072433,1.2086178302065379e-19,0.0,59.570558991181805,848.8038981539013,406.1724769974002,67.88188669042567,36.30763439723741,70.58686527208174,9.72896664753663e-41,0.0,0.0,0.0,0.024707495312608168
79.396,10.674701111170403,44.629497244874436,21.056384681203458,8.216836630551356,4.396818974179621,8.355328901743674,9.45808288211019e-20,0.0,47.020145938582175,217.42346037577286,81.43002101242801,45.3274211018389,14.726993979625671,69.2695222678656,1.4350284124276108e-39,0.0,0.0,0.0,0.09819248173798771
79.52,7.383803965185066,28.131412773249554,21.744436349581033,8.236238327547792,4.870652428514175,8.792331534464488,4.732513305586454e-20,0.0,53.65869549821354,277.16682433004434,442.37871520829236,24.79507652811485,16.082337533959244,72.18018022461065,2.033239667577462e-39,0.0,0.0,0.0,0.0927544847167853
79.644,11.0651320796492,22.54843678017543,14.575858312286114,9.65962838854573,4.891822493697443,8.19927289549282,5.562688488103963e-20,0.0,52.22911948224856,503.4257495715343,146.625591692912,92.77892900982809,20.88136223662043,64.39725675390733,7.583193449495442e-40,0.0,0.0,0.0,0.09308427624459403
79.768,10.16830536246574,19.66587507669199,8.823948854193922,12.766061862149916,6.364824746116227,10.168539555224864,7.42540192863378e-20,0.0,87.76981445787372,24.949276656868523,67.13382394404383,107.50916801283992,36.720083499209785,89.23257385150715,5.495129147376453e-41,0.0,0.0,0.0,0.23434757902006978
79.892,5.56791484458183,18.969234169734687,9.522001619591538,10.86782967207673,7.869860173992481,8.459672785916403,5.911784509442541e-20,0.0,28.832611914147318,35.085012653194106,84.04111771822966,100.5629428600453,52.56576141400584,70.66206082938095,8.688693722409784e-40,0.0,0.0,0.0,0.17611344691209235
80.016,7.0064020865141305,14.350714560769678,9.80140909248793,8.562382329028916,7.897201707682869,7.373612388686922,4.035776991954339e-20,0.0,46.57507386172595,90.07142238388191,94.47101762047049,72.77899479229738,56.34585784923967,46.60753741567011,1.5572224148786175e-39,0.0,0.0,0.0,0.16582705599089856
80.14,8.232075686947109,6.411799304769539,8.664924496409165,13.446811285247406,8.966758612488018,10.519903546405901,5.3498545573184807e-20,0.0,67.71036025103135,40.07503943323759,74.90775959959747,142.68708467467118,76.6316970586196,83.52989014154258,2.1064646053206863e-40,0.0,0.0,0.0,0.2929382614874618
80.264,6.785625929910145,7.0836178131885825,6.469951703379769,11.914878515875895,7.195619156493093,9.529020332851488,4.5220061899803324e-20,0.0,36.38417934607065,49.90720093973929,40.422398076090516,96.60162764470745,35.964531180226594,82.43249965744728,7.827815395268008e-40,0.0,0.0,0.0,0.22672879796822043
80.388,6.388422269475173,6.902184820264568,5.0834651657350545,6.347120813468602,5.131160759764462,7.795964475272987,3.7284565043506627e-20,0.0,40.74185801373594,46.83164742480529,20.058950600513388,35.065032420506064,25.141805153057366,55.983199047237605,1.0903254196694965e-39,0.0,0.0,0.0,0.16325637610570498
80.512,6.30890601275328,5.5414897394746285,6.552926116336344,7.575197253364138,5.319557920563066,11.884714182812981,6.935787767907344e-20,0.0,39.61272203142635,25.166771964073355,40.26152860779447,25.913572778589394,27.34450417808489,75.9453933016711,5.106523520838803e-40,0.0,0.0,0.0,0.18284197651572306
80.636,23.895340374413756,22.668062530342805,8.55285468724399,9.660603723697417,4.690704082179127,14.921216655325898,8.065853492444343e-20,0.0,511.7129442656813,298.7872823529524,68.80741837120298,81.62601545025937,21.30943779452181,199.85162700493018,1.8464944744370107e-40,0.0,0.0,0.0,0.34392171885943823
80.76,25.622887973842488,24.700578025626122,12.301522285303625,9.230498569067114,4.890893625213557,14.417552563375352,5.818783522735835e-20,0.0,596.8900708282664,351.3113942581408,97.0679986511986,84.84669880176932,21.731011528810992,186.31929565146413,2.4092810998451006e-39,0.0,0.0,0.0,0.38208729291451826
80.884,11.304063942112016,13.582579421572788,11.174675878771005,7.941873842797161,4.106931148499825,12.582419121534873,7.979675922021456e-20,0.0,126.22856971013576,175.90205015242665,81.32352714014849,56.62978333445237,13.804721012607079,144.57168449845238,2.9210779449264202e-39,0.0,0.0,0.0,0.18766925718060345
81.008,11.247097145694527,12.858727903474522,9.998831811662836,8.721116860295488,4.404201038075864,9.997091484539263,1.141247107081119e-19,0.0,69.91930329056167,16.903446431019294,66.9993291636855,46.88327982216765,17.472876012174297,87.71083080453579,3.3460057757889215e-40,0.0,0.0,0.0,0.21732189025576698
81.132,12.749850393199415,12.154425731980153,15.603668415027144,8.132600614575974,5.625651119826001,8.525047240728904,9.135083824314408e-20,0.0,40.46504178163346,18.967117443265746,73.46757952307723,65.79683640247401,24.59696316778445,71.24534400560319,2.2830105318548993e-39,0.0,0.0,0.0,0.23856648090425428
81.256,9.11531007109568,9.577244536160597,16.203001041241258,7.147810391313472,5.816415257463634,8.52010404692476,5.391581265087098e-20,0.0,64.65937980551453,87.47146003501396,261.60383765786924,43.57156607592341,33.04620661375298,60.07247306134418,2.808284713661688e-39,0.0,0.0,0.0,0.18806104016137673
81.38,7.376203324824197,9.562608795841207,11.529594126291277,5.8466219207980785,4.751030310353257,7.444718846571403,6.081998813882812e-20,0.0,52.833710589509174,60.66660006825874,109.73178990794744,31.2327318271094,19.931151118309113,49.899411719600934,2.6582253514460904e-40,0.0,0.0,0.0,0.17008963944638802
81.504,17.929862237694685,12.146602040461959,12.88637772261065,6.874731275293259,4.336567055866543,7.291375376152487,4.521979403522734e-20,0.0,172.91286205020677,147.2982581902948,138.896305484013,46.38344545854748,18.749595277747282,53.15912171988499,8.292613810833357e-40,0.0,0.0,0.0,0.23427195854923935
81.628,19.270393453790767,11.380849251667176,12.95352635918525,9.229871108396257,4.341945913746243,8.1262984420639,1.3273494902891076e-20,0.0,226.17845500343316,111.70785590939164,150.74287751785172,83.78086641427338,17.481335656614746,65.7068560525155,1.0238200152960358e-40,0.0,0.0,0.0,0.3160859957132466
81.752,14.611282284900541,11.187353428214701,8.469629937401407,8.874394143431672,5.680551458508113,7.191396799378507,2.3087502405471297e-20,0.0,175.43510038763037,103.28364637830046,65.72496151478218,78.73249895408456,32.0114526950358,51.35629170050126,1.667012269546923e-40,0.0,0.0,0.0,0.2559460939234132
81.876,13.164724839297877,10.830861734007211,8.543286048861075,7.739589726335641,6.265505518994929,7.359848375487048,2.5397026701758106e-20,0.0,64.22898132829016,58.11541938306994,67.22466611106603,42.918593893779274,33.72648064380618,45.85167697208489,5.469158504861836e-40,0.0,0.0,0.0,0.19844459086245686
